listed,file_number,filed,system,action,applicant,status,atlas_network,coord_priority,fcc_report_url,icfs_url
2026-09-18,SES-T/C-20260914-02558,2026-09-14,Earth station,Transfer of control,"CoxCom, LLC",Pending Payment,,,https://fcc.report/IBFS/SES-T/C-20260914-02558,https://fccprod.servicenowservices.com/icfs?id=ibfs_application_summary&number=SES-T/C-20260914-02558
2026-09-18,SES-T/C-20260914-02557,2026-09-14,Earth station,Transfer of control,"Cox Communications Arizona, LLC",Pending Payment,,,https://fcc.report/IBFS/SES-T/C-20260914-02557,https://fccprod.servicenowservices.com/icfs?id=ibfs_application_summary&number=SES-T/C-20260914-02557
2026-09-18,SES-T/C-20260914-02556,2026-09-14,Earth station,Transfer of control,"Cox Communications California, LLC",Pending Payment,,,https://fcc.report/IBFS/SES-T/C-20260914-02556,https://fccprod.servicenowservices.com/icfs?id=ibfs_application_summary&number=SES-T/C-20260914-02556
2026-09-18,SES-T/C-20260914-02547,2026-09-14,Earth station,Transfer of control,"QLocal, Inc.",Pending Payment,,,https://fcc.report/IBFS/SES-T/C-20260914-02547,https://fccprod.servicenowservices.com/icfs?id=ibfs_application_summary&number=SES-T/C-20260914-02547
2026-09-18,SES-STA-20260914-02596,2026-09-14,Earth station,Special temporary authority,"Viasat, Inc.",Pending Payment,Viasat/Inmarsat,medium,https://fcc.report/IBFS/SES-STA-20260914-02596,https://fccprod.servicenowservices.com/icfs?id=ibfs_application_summary&number=SES-STA-20260914-02596
2026-09-18,SES-STA-20260914-02593,2026-09-14,Earth station,Special temporary authority,"Viasat, Inc.",Pending Payment,Viasat/Inmarsat,medium,https://fcc.report/IBFS/SES-STA-20260914-02593,https://fccprod.servicenowservices.com/icfs?id=ibfs_application_summary&number=SES-STA-20260914-02593
2026-09-18,SES-STA-20260914-02592,2026-09-14,Earth station,Special temporary authority,"Viasat, Inc.",Pending Payment,Viasat/Inmarsat,medium,https://fcc.report/IBFS/SES-STA-20260914-02592,https://fccprod.servicenowservices.com/icfs?id=ibfs_application_summary&number=SES-STA-20260914-02592
2026-09-18,SES-STA-20260914-02590,2026-09-14,Earth station,Special temporary authority,"Viasat, Inc.",Pending Payment,Viasat/Inmarsat,medium,https://fcc.report/IBFS/SES-STA-20260914-02590,https://fccprod.servicenowservices.com/icfs?id=ibfs_application_summary&number=SES-STA-20260914-02590
2026-09-18,SES-STA-20260914-02588,2026-09-14,Earth station,Special temporary authority,"Viasat, Inc.",Pending Payment,Viasat/Inmarsat,medium,https://fcc.report/IBFS/SES-STA-20260914-02588,https://fccprod.servicenowservices.com/icfs?id=ibfs_application_summary&number=SES-STA-20260914-02588
2026-09-18,SES-STA-20260914-02587,2026-09-14,Earth station,Special temporary authority,"Viasat, Inc.",Pending Payment,Viasat/Inmarsat,medium,https://fcc.report/IBFS/SES-STA-20260914-02587,https://fccprod.servicenowservices.com/icfs?id=ibfs_application_summary&number=SES-STA-20260914-02587
2026-09-18,SES-STA-20260914-02586,2026-09-14,Earth station,Special temporary authority,"Viasat, Inc.",Pending Payment,Viasat/Inmarsat,medium,https://fcc.report/IBFS/SES-STA-20260914-02586,https://fccprod.servicenowservices.com/icfs?id=ibfs_application_summary&number=SES-STA-20260914-02586
2026-09-18,SES-STA-20260914-02582,2026-09-14,Earth station,Special temporary authority,"Viasat, Inc.",Pending Payment,Viasat/Inmarsat,medium,https://fcc.report/IBFS/SES-STA-20260914-02582,https://fccprod.servicenowservices.com/icfs?id=ibfs_application_summary&number=SES-STA-20260914-02582
2026-09-18,SES-STA-20260914-02578,2026-09-14,Earth station,Special temporary authority,"Viasat, Inc.",Pending Payment,Viasat/Inmarsat,medium,https://fcc.report/IBFS/SES-STA-20260914-02578,https://fccprod.servicenowservices.com/icfs?id=ibfs_application_summary&number=SES-STA-20260914-02578
2026-09-18,SES-STA-20260914-02577,2026-09-14,Earth station,Special temporary authority,"Viasat, Inc.",Pending Payment,Viasat/Inmarsat,medium,https://fcc.report/IBFS/SES-STA-20260914-02577,https://fccprod.servicenowservices.com/icfs?id=ibfs_application_summary&number=SES-STA-20260914-02577
2026-09-18,SES-STA-20260914-02576,2026-09-14,Earth station,Special temporary authority,"Viasat, Inc.",Pending Payment,Viasat/Inmarsat,medium,https://fcc.report/IBFS/SES-STA-20260914-02576,https://fccprod.servicenowservices.com/icfs?id=ibfs_application_summary&number=SES-STA-20260914-02576
2026-09-18,SES-STA-20260914-02575,2026-09-14,Earth station,Special temporary authority,"Viasat, Inc.",Pending Payment,Viasat/Inmarsat,medium,https://fcc.report/IBFS/SES-STA-20260914-02575,https://fccprod.servicenowservices.com/icfs?id=ibfs_application_summary&number=SES-STA-20260914-02575
2026-09-18,SES-STA-20260914-02570,2026-09-14,Earth station,Special temporary authority,"Viasat, Inc.",Pending Payment,Viasat/Inmarsat,medium,https://fcc.report/IBFS/SES-STA-20260914-02570,https://fccprod.servicenowservices.com/icfs?id=ibfs_application_summary&number=SES-STA-20260914-02570
2026-09-18,SES-STA-20260914-02569,2026-09-14,Earth station,Special temporary authority,"Viasat, Inc.",Pending Payment,Viasat/Inmarsat,medium,https://fcc.report/IBFS/SES-STA-20260914-02569,https://fccprod.servicenowservices.com/icfs?id=ibfs_application_summary&number=SES-STA-20260914-02569
2026-09-18,SES-STA-20260914-02568,2026-09-14,Earth station,Special temporary authority,"Viasat, Inc.",Pending Payment,Viasat/Inmarsat,medium,https://fcc.report/IBFS/SES-STA-20260914-02568,https://fccprod.servicenowservices.com/icfs?id=ibfs_application_summary&number=SES-STA-20260914-02568
2026-09-18,SES-STA-20260914-02567,2026-09-14,Earth station,Special temporary authority,ISAT US Inc.,Pending Payment,Viasat/Inmarsat,medium,https://fcc.report/IBFS/SES-STA-20260914-02567,https://fccprod.servicenowservices.com/icfs?id=ibfs_application_summary&number=SES-STA-20260914-02567
2026-09-18,SES-STA-20260914-02566,2026-09-14,Earth station,Special temporary authority,"Viasat, Inc.",Pending Payment,Viasat/Inmarsat,medium,https://fcc.report/IBFS/SES-STA-20260914-02566,https://fccprod.servicenowservices.com/icfs?id=ibfs_application_summary&number=SES-STA-20260914-02566
2026-09-18,SES-STA-20260914-02565,2026-09-14,Earth station,Special temporary authority,"Viasat, Inc.",Pending Payment,Viasat/Inmarsat,medium,https://fcc.report/IBFS/SES-STA-20260914-02565,https://fccprod.servicenowservices.com/icfs?id=ibfs_application_summary&number=SES-STA-20260914-02565
2026-09-18,SES-STA-20260914-02564,2026-09-14,Earth station,Special temporary authority,"Viasat, Inc.",Pending Payment,Viasat/Inmarsat,medium,https://fcc.report/IBFS/SES-STA-20260914-02564,https://fccprod.servicenowservices.com/icfs?id=ibfs_application_summary&number=SES-STA-20260914-02564
2026-09-18,SES-RWL-20260918-02624,2026-09-18,Earth station,Renewal,"Viasat, Inc.",Pending Payment,Viasat/Inmarsat,medium,https://fcc.report/IBFS/SES-RWL-20260918-02624,https://fccprod.servicenowservices.com/icfs?id=ibfs_application_summary&number=SES-RWL-20260918-02624
2026-09-18,SES-RWL-20260916-02614,2026-09-16,Earth station,Renewal,"Viasat, Inc.",Pending Payment,Viasat/Inmarsat,medium,https://fcc.report/IBFS/SES-RWL-20260916-02614,https://fccprod.servicenowservices.com/icfs?id=ibfs_application_summary&number=SES-RWL-20260916-02614
2026-09-18,SES-RWL-20260916-02613,2026-09-16,Earth station,Renewal,"Viasat, Inc.",Pending Payment,Viasat/Inmarsat,medium,https://fcc.report/IBFS/SES-RWL-20260916-02613,https://fccprod.servicenowservices.com/icfs?id=ibfs_application_summary&number=SES-RWL-20260916-02613
2026-09-18,SES-RWL-20260916-02612,2026-09-16,Earth station,Renewal,"Viasat, Inc.",Pending Payment,Viasat/Inmarsat,medium,https://fcc.report/IBFS/SES-RWL-20260916-02612,https://fccprod.servicenowservices.com/icfs?id=ibfs_application_summary&number=SES-RWL-20260916-02612
2026-09-18,SES-RWL-20260916-02611,2026-09-16,Earth station,Renewal,"Viasat, Inc.",Pending Payment,Viasat/Inmarsat,medium,https://fcc.report/IBFS/SES-RWL-20260916-02611,https://fccprod.servicenowservices.com/icfs?id=ibfs_application_summary&number=SES-RWL-20260916-02611
2026-09-18,SES-RWL-20260916-02609,2026-09-16,Earth station,Renewal,"Viasat, Inc.",Pending Payment,Viasat/Inmarsat,medium,https://fcc.report/IBFS/SES-RWL-20260916-02609,https://fccprod.servicenowservices.com/icfs?id=ibfs_application_summary&number=SES-RWL-20260916-02609
2026-09-18,SES-RWL-20260916-02608,2026-09-16,Earth station,Renewal,"Viasat, Inc.",Pending Payment,Viasat/Inmarsat,medium,https://fcc.report/IBFS/SES-RWL-20260916-02608,https://fccprod.servicenowservices.com/icfs?id=ibfs_application_summary&number=SES-RWL-20260916-02608
2026-09-18,SES-RWL-20260915-02607,2026-09-15,Earth station,Renewal,"Viasat, Inc.",Pending Payment,Viasat/Inmarsat,medium,https://fcc.report/IBFS/SES-RWL-20260915-02607,https://fccprod.servicenowservices.com/icfs?id=ibfs_application_summary&number=SES-RWL-20260915-02607
2026-09-18,SES-RWL-20260915-02605,2026-09-15,Earth station,Renewal,"Viasat, Inc.",Pending Payment,Viasat/Inmarsat,medium,https://fcc.report/IBFS/SES-RWL-20260915-02605,https://fccprod.servicenowservices.com/icfs?id=ibfs_application_summary&number=SES-RWL-20260915-02605
2026-09-18,SES-RWL-20260915-02600,2026-09-15,Earth station,Renewal,"Viasat, Inc.",Pending Payment,Viasat/Inmarsat,medium,https://fcc.report/IBFS/SES-RWL-20260915-02600,https://fccprod.servicenowservices.com/icfs?id=ibfs_application_summary&number=SES-RWL-20260915-02600
2026-09-18,SES-RWL-20260915-02599,2026-09-15,Earth station,Renewal,"Viasat, Inc.",Pending Payment,Viasat/Inmarsat,medium,https://fcc.report/IBFS/SES-RWL-20260915-02599,https://fccprod.servicenowservices.com/icfs?id=ibfs_application_summary&number=SES-RWL-20260915-02599
2026-09-18,SES-RWL-20260915-02598,2026-09-15,Earth station,Renewal,"Viasat, Inc.",Pending Payment,Viasat/Inmarsat,medium,https://fcc.report/IBFS/SES-RWL-20260915-02598,https://fccprod.servicenowservices.com/icfs?id=ibfs_application_summary&number=SES-RWL-20260915-02598
2026-09-18,SES-RWL-20260914-02573,2026-09-14,Earth station,Renewal,"Viasat, Inc.",Pending Payment,Viasat/Inmarsat,medium,https://fcc.report/IBFS/SES-RWL-20260914-02573,https://fccprod.servicenowservices.com/icfs?id=ibfs_application_summary&number=SES-RWL-20260914-02573
2026-09-18,SES-RWL-20260914-02571,2026-09-14,Earth station,Renewal,"Viasat, Inc.",Pending Payment,Viasat/Inmarsat,medium,https://fcc.report/IBFS/SES-RWL-20260914-02571,https://fccprod.servicenowservices.com/icfs?id=ibfs_application_summary&number=SES-RWL-20260914-02571
2026-09-18,SES-RWL-20260914-02563,2026-09-14,Earth station,Renewal,"Viasat, Inc.",Pending Payment,Viasat/Inmarsat,medium,https://fcc.report/IBFS/SES-RWL-20260914-02563,https://fccprod.servicenowservices.com/icfs?id=ibfs_application_summary&number=SES-RWL-20260914-02563
2026-09-18,SES-RWL-20260914-02560,2026-09-14,Earth station,Renewal,"Viasat, Inc.",Pending Payment,Viasat/Inmarsat,medium,https://fcc.report/IBFS/SES-RWL-20260914-02560,https://fccprod.servicenowservices.com/icfs?id=ibfs_application_summary&number=SES-RWL-20260914-02560
2026-09-18,SES-RWL-20260901-02471,2026-09-01,Earth station,Renewal,"Viasat, Inc.",Pending Payment,Viasat/Inmarsat,medium,https://fcc.report/IBFS/SES-RWL-20260901-02471,https://fccprod.servicenowservices.com/icfs?id=ibfs_application_summary&number=SES-RWL-20260901-02471
2026-09-18,SES-MOD-20260331-00411,2026-03-31,Earth station,Modification,Maris Developments,Pending Review,,,https://fcc.report/IBFS/SES-MOD-20260331-00411,https://fccprod.servicenowservices.com/icfs?id=ibfs_application_summary&number=SES-MOD-20260331-00411
2026-09-18,SES-MOD-20260331-00410,2026-03-31,Earth station,Modification,"Moynk Properties, LLC",Pending Review,,,https://fcc.report/IBFS/SES-MOD-20260331-00410,https://fccprod.servicenowservices.com/icfs?id=ibfs_application_summary&number=SES-MOD-20260331-00410
2026-09-18,SES-LIC-20260702-01945,2026-07-02,Earth station,New license,SpeedCast Communications Inc.,Pending Review,Teleport,medium,https://fcc.report/IBFS/SES-LIC-20260702-01945,https://fccprod.servicenowservices.com/icfs?id=ibfs_application_summary&number=SES-LIC-20260702-01945
2026-09-18,SAT-AMD-20260917-00370,2026-09-17,Space station,Amendment,"Blue Origin, LLC",Pending Review,Blue Origin,,https://fcc.report/IBFS/SAT-AMD-20260917-00370,https://fccprod.servicenowservices.com/icfs?id=ibfs_application_summary&number=SAT-AMD-20260917-00370
2026-09-17,SES-MOD-20260917-02621,2026-09-17,Earth station,Modification,"DCI II, Inc.",Pending Review,,,https://fcc.report/IBFS/SES-MOD-20260917-02621,https://fccprod.servicenowservices.com/icfs?id=ibfs_application_summary&number=SES-MOD-20260917-02621
2026-09-17,SAT-MOD-20260910-00367,2026-09-10,Space station,Modification,XM Radio LLC,Pending Review,,,https://fcc.report/IBFS/SAT-MOD-20260910-00367,https://fccprod.servicenowservices.com/icfs?id=ibfs_application_summary&number=SAT-MOD-20260910-00367
2026-09-17,ITC-RPT-20260917-00281,2026-09-17,Intl. telecom,Report,BT Americas Inc.,Pending Review,,,https://fcc.report/IBFS/ITC-RPT-20260917-00281,https://fccprod.servicenowservices.com/icfs?id=ibfs_application_summary&number=ITC-RPT-20260917-00281
2026-09-16,SES-STA-20260916-02618,2026-09-16,Earth station,Special temporary authority,"SES Networks Lux, S.a.r.l.",Pending Review,SES O3b,medium,https://fcc.report/IBFS/SES-STA-20260916-02618,https://fccprod.servicenowservices.com/icfs?id=ibfs_application_summary&number=SES-STA-20260916-02618
2026-09-16,SES-RWL-20260916-02619,2026-09-16,Earth station,Renewal,"Gray Television Licensee, LLC",Pending Review,,,https://fcc.report/IBFS/SES-RWL-20260916-02619,https://fccprod.servicenowservices.com/icfs?id=ibfs_application_summary&number=SES-RWL-20260916-02619
2026-09-16,SES-RWL-20260916-02617,2026-09-16,Earth station,Renewal,Intelsat License LLC,Pending Review,Intelsat,medium,https://fcc.report/IBFS/SES-RWL-20260916-02617,https://fccprod.servicenowservices.com/icfs?id=ibfs_application_summary&number=SES-RWL-20260916-02617
2026-09-16,ITC-T/C-20260914-00279,2026-09-14,Intl. telecom,Transfer of control,"The Blacklist Alliance, Ltd.",Pending Review,,,https://fcc.report/IBFS/ITC-T/C-20260914-00279,https://fccprod.servicenowservices.com/icfs?id=ibfs_application_summary&number=ITC-T/C-20260914-00279
2026-09-15,SES-STA-20260915-02604,2026-09-15,Earth station,Special temporary authority,Kongsberg Satellite Services AS,Pending Review,KSAT,medium,https://fcc.report/IBFS/SES-STA-20260915-02604,https://fccprod.servicenowservices.com/icfs?id=ibfs_application_summary&number=SES-STA-20260915-02604
2026-09-15,SES-STA-20260915-02603,2026-09-15,Earth station,Special temporary authority,Intelsat License LLC,Pending Review,Intelsat,medium,https://fcc.report/IBFS/SES-STA-20260915-02603,https://fccprod.servicenowservices.com/icfs?id=ibfs_application_summary&number=SES-STA-20260915-02603
2026-09-15,SES-LIC-20260915-02601,2026-09-15,Earth station,New license,Morehead State University,Pending Payment,,,https://fcc.report/IBFS/SES-LIC-20260915-02601,https://fccprod.servicenowservices.com/icfs?id=ibfs_application_summary&number=SES-LIC-20260915-02601
2026-09-14,SES-STA-20260914-02591,2026-09-14,Earth station,Special temporary authority,"Moynk Properties, LLC",Pending Review,,,https://fcc.report/IBFS/SES-STA-20260914-02591,https://fccprod.servicenowservices.com/icfs?id=ibfs_application_summary&number=SES-STA-20260914-02591
2026-09-14,SES-STA-20260914-02589,2026-09-14,Earth station,Special temporary authority,"Ligado Networks Subsidiary LLC, Debtor-in-Possession",Pending Review,,,https://fcc.report/IBFS/SES-STA-20260914-02589,https://fccprod.servicenowservices.com/icfs?id=ibfs_application_summary&number=SES-STA-20260914-02589
2026-09-14,SES-STA-20260914-02583,2026-09-14,Earth station,Special temporary authority,"Moynk Properties, LLC",Pending Review,,,https://fcc.report/IBFS/SES-STA-20260914-02583,https://fccprod.servicenowservices.com/icfs?id=ibfs_application_summary&number=SES-STA-20260914-02583
2026-09-14,SES-STA-20260914-02581,2026-09-14,Earth station,Special temporary authority,Maris Developments,Pending Review,,,https://fcc.report/IBFS/SES-STA-20260914-02581,https://fccprod.servicenowservices.com/icfs?id=ibfs_application_summary&number=SES-STA-20260914-02581
2026-09-14,SES-STA-20260914-02579,2026-09-14,Earth station,Special temporary authority,Haras Development,Pending Review,,,https://fcc.report/IBFS/SES-STA-20260914-02579,https://fccprod.servicenowservices.com/icfs?id=ibfs_application_summary&number=SES-STA-20260914-02579
2026-09-14,SES-STA-20260914-02555,2026-09-14,Earth station,Special temporary authority,"RBC Signals, LLC",Pending Review,Ground-station-as-a-service,medium,https://fcc.report/IBFS/SES-STA-20260914-02555,https://fccprod.servicenowservices.com/icfs?id=ibfs_application_summary&number=SES-STA-20260914-02555
2026-09-14,SES-STA-20260914-02554,2026-09-14,Earth station,Special temporary authority,"RBC Signals, LLC",Pending Review,Ground-station-as-a-service,medium,https://fcc.report/IBFS/SES-STA-20260914-02554,https://fccprod.servicenowservices.com/icfs?id=ibfs_application_summary&number=SES-STA-20260914-02554
2026-09-14,SES-STA-20260914-02553,2026-09-14,Earth station,Special temporary authority,"RBC Signals, LLC",Pending Review,Ground-station-as-a-service,medium,https://fcc.report/IBFS/SES-STA-20260914-02553,https://fccprod.servicenowservices.com/icfs?id=ibfs_application_summary&number=SES-STA-20260914-02553
2026-09-14,SES-STA-20260914-02552,2026-09-14,Earth station,Special temporary authority,"RBC Signals, LLC",Pending Review,Ground-station-as-a-service,medium,https://fcc.report/IBFS/SES-STA-20260914-02552,https://fccprod.servicenowservices.com/icfs?id=ibfs_application_summary&number=SES-STA-20260914-02552
2026-09-14,SES-STA-20260914-02549,2026-09-14,Earth station,Special temporary authority,"RBC Signals, LLC",Pending Review,Ground-station-as-a-service,medium,https://fcc.report/IBFS/SES-STA-20260914-02549,https://fccprod.servicenowservices.com/icfs?id=ibfs_application_summary&number=SES-STA-20260914-02549
2026-09-14,SES-STA-20260914-02548,2026-09-14,Earth station,Special temporary authority,"RBC Signals, LLC",Pending Review,Ground-station-as-a-service,medium,https://fcc.report/IBFS/SES-STA-20260914-02548,https://fccprod.servicenowservices.com/icfs?id=ibfs_application_summary&number=SES-STA-20260914-02548
2026-09-14,SES-STA-20260905-02512,2026-09-05,Earth station,Special temporary authority,"SpaceX Services, Inc.",Pending Payment,Starlink,medium,https://fcc.report/IBFS/SES-STA-20260905-02512,https://fccprod.servicenowservices.com/icfs?id=ibfs_application_summary&number=SES-STA-20260905-02512
2026-09-14,SES-STA-20260903-02507,2026-09-03,Earth station,Special temporary authority,"SpaceX Services, Inc.",Pending Payment,Starlink,medium,https://fcc.report/IBFS/SES-STA-20260903-02507,https://fccprod.servicenowservices.com/icfs?id=ibfs_application_summary&number=SES-STA-20260903-02507
2026-09-14,SES-STA-20260902-02493,2026-09-02,Earth station,Special temporary authority,"SpaceX Services, Inc.",Pending Payment,Starlink,medium,https://fcc.report/IBFS/SES-STA-20260902-02493,https://fccprod.servicenowservices.com/icfs?id=ibfs_application_summary&number=SES-STA-20260902-02493
2026-09-14,SES-STA-20260902-02492,2026-09-02,Earth station,Special temporary authority,"SpaceX Services, Inc.",Pending Payment,Starlink,medium,https://fcc.report/IBFS/SES-STA-20260902-02492,https://fccprod.servicenowservices.com/icfs?id=ibfs_application_summary&number=SES-STA-20260902-02492
2026-09-14,SES-STA-20260902-02491,2026-09-02,Earth station,Special temporary authority,"SpaceX Services, Inc.",Pending Payment,Starlink,medium,https://fcc.report/IBFS/SES-STA-20260902-02491,https://fccprod.servicenowservices.com/icfs?id=ibfs_application_summary&number=SES-STA-20260902-02491
2026-09-14,SES-STA-20260830-02445,2026-08-30,Earth station,Special temporary authority,"SpaceX Services, Inc.",Pending Payment,Starlink,medium,https://fcc.report/IBFS/SES-STA-20260830-02445,https://fccprod.servicenowservices.com/icfs?id=ibfs_application_summary&number=SES-STA-20260830-02445
2026-09-14,SES-STA-20260830-02444,2026-08-30,Earth station,Special temporary authority,"SpaceX Services, Inc.",Pending Payment,Starlink,medium,https://fcc.report/IBFS/SES-STA-20260830-02444,https://fccprod.servicenowservices.com/icfs?id=ibfs_application_summary&number=SES-STA-20260830-02444
2026-09-14,SES-STA-20260828-02441,2026-08-28,Earth station,Special temporary authority,"SpaceX Services, Inc.",Pending Payment,Starlink,medium,https://fcc.report/IBFS/SES-STA-20260828-02441,https://fccprod.servicenowservices.com/icfs?id=ibfs_application_summary&number=SES-STA-20260828-02441
2026-09-14,SCL-RPT-20260914-00134,2026-09-14,Submarine cable,Report,StarHub Ltd,Closed,,,https://fcc.report/IBFS/SCL-RPT-20260914-00134,https://fccprod.servicenowservices.com/icfs?id=ibfs_application_summary&number=SCL-RPT-20260914-00134
2026-09-14,SAT-STA-20260914-00368,2026-09-14,Space station,Special temporary authority,Planet Labs PBC,Pending Review,Planet,,https://fcc.report/IBFS/SAT-STA-20260914-00368,https://fccprod.servicenowservices.com/icfs?id=ibfs_application_summary&number=SAT-STA-20260914-00368
2026-09-14,ITC-ASG-20260826-00261,2026-08-26,Intl. telecom,Assignment,"Cox Communications, Inc",Pending Review,,,https://fcc.report/IBFS/ITC-ASG-20260826-00261,https://fccprod.servicenowservices.com/icfs?id=ibfs_application_summary&number=ITC-ASG-20260826-00261
2026-09-13,SCL-RPT-20260913-00133,2026-09-13,Submarine cable,Report,China Mobile International Limited,Closed,,,https://fcc.report/IBFS/SCL-RPT-20260913-00133,https://fccprod.servicenowservices.com/icfs?id=ibfs_application_summary&number=SCL-RPT-20260913-00133
2026-09-11,SES-T/C-20260908-02518,2026-09-08,Earth station,Transfer of control,SpeedCast Communications Inc.,Pending Review,Teleport,medium,https://fcc.report/IBFS/SES-T/C-20260908-02518,https://fccprod.servicenowservices.com/icfs?id=ibfs_application_summary&number=SES-T/C-20260908-02518
2026-09-11,SES-AMD-20260902-02485,2026-09-02,Earth station,Amendment,"Skylo Technologies, Inc",Pending Review,Skylo,medium,https://fcc.report/IBFS/SES-AMD-20260902-02485,https://fccprod.servicenowservices.com/icfs?id=ibfs_application_summary&number=SES-AMD-20260902-02485
2026-09-11,SAT-LOA-20260814-00341,2026-08-14,Space station,Letter of intent (non-US sat),Starfish Space Inc.,Pending Review,,,https://fcc.report/IBFS/SAT-LOA-20260814-00341,https://fccprod.servicenowservices.com/icfs?id=ibfs_application_summary&number=SAT-LOA-20260814-00341
2026-09-11,SAT-AMD-20260909-00365,2026-09-09,Space station,Amendment,"AST & Science, LLC",Pending Review,AST SpaceMobile,,https://fcc.report/IBFS/SAT-AMD-20260909-00365,https://fccprod.servicenowservices.com/icfs?id=ibfs_application_summary&number=SAT-AMD-20260909-00365
2026-09-11,SAT-AMD-20260905-00360,2026-09-05,Space station,Amendment,"Blue Origin, LLC",Pending Review,Blue Origin,,https://fcc.report/IBFS/SAT-AMD-20260905-00360,https://fccprod.servicenowservices.com/icfs?id=ibfs_application_summary&number=SAT-AMD-20260905-00360
2026-09-11,ITC-DSC-20260728-00222,2026-07-28,Intl. telecom,Discontinuance,PRESTO WIRELESS CORP.,Pending Review,,,https://fcc.report/IBFS/ITC-DSC-20260728-00222,https://fccprod.servicenowservices.com/icfs?id=ibfs_application_summary&number=ITC-DSC-20260728-00222
2026-09-11,ITC-AMD-20260909-00276,2026-09-09,Intl. telecom,Amendment,Mobi Acquisition LLC,Pending Review,,,https://fcc.report/IBFS/ITC-AMD-20260909-00276,https://fccprod.servicenowservices.com/icfs?id=ibfs_application_summary&number=ITC-AMD-20260909-00276
2026-09-11,ITC-214-20260903-00265,2026-09-03,Intl. telecom,Sec. 214,"NBVDS Investment, L.L.C.",Pending Payment,,,https://fcc.report/IBFS/ITC-214-20260903-00265,https://fccprod.servicenowservices.com/icfs?id=ibfs_application_summary&number=ITC-214-20260903-00265
2026-09-11,ITC-214-20260725-00216,2026-07-25,Intl. telecom,Sec. 214,TeleArc LLC,Pending Review,,,https://fcc.report/IBFS/ITC-214-20260725-00216,https://fccprod.servicenowservices.com/icfs?id=ibfs_application_summary&number=ITC-214-20260725-00216
2026-09-10,SES-STA-20260910-02544,2026-09-10,Earth station,Special temporary authority,"Viasat, Inc.",Pending Review,Viasat/Inmarsat,medium,https://fcc.report/IBFS/SES-STA-20260910-02544,https://fccprod.servicenowservices.com/icfs?id=ibfs_application_summary&number=SES-STA-20260910-02544
2026-09-10,SES-STA-20260910-02543,2026-09-10,Earth station,Special temporary authority,Haras Development,Pending Review,,,https://fcc.report/IBFS/SES-STA-20260910-02543,https://fccprod.servicenowservices.com/icfs?id=ibfs_application_summary&number=SES-STA-20260910-02543
2026-09-10,SES-STA-20260903-02502,2026-09-03,Earth station,Special temporary authority,Intuitive Machines,Pending Review,,,https://fcc.report/IBFS/SES-STA-20260903-02502,https://fccprod.servicenowservices.com/icfs?id=ibfs_application_summary&number=SES-STA-20260903-02502
2026-09-10,SES-MOD-20260828-02442,2026-08-28,Earth station,Modification,"Viasat, Inc.",Pending Review,Viasat/Inmarsat,medium,https://fcc.report/IBFS/SES-MOD-20260828-02442,https://fccprod.servicenowservices.com/icfs?id=ibfs_application_summary&number=SES-MOD-20260828-02442
2026-09-10,SES-LIC-20260820-02357,2026-08-20,Earth station,New license,"DCI II, Inc.",Pending Review,,,https://fcc.report/IBFS/SES-LIC-20260820-02357,https://fccprod.servicenowservices.com/icfs?id=ibfs_application_summary&number=SES-LIC-20260820-02357
2026-09-10,SES-LIC-20260625-01926,2026-06-25,Earth station,New license,SpeedCast Communications Inc.,Pending Review,Teleport,medium,https://fcc.report/IBFS/SES-LIC-20260625-01926,https://fccprod.servicenowservices.com/icfs?id=ibfs_application_summary&number=SES-LIC-20260625-01926
2026-09-10,SES-ASG-20260910-02539,2026-09-10,Earth station,Assignment,Alpha 3E Licensee LLC,Pending Payment,,,https://fcc.report/IBFS/SES-ASG-20260910-02539,https://fccprod.servicenowservices.com/icfs?id=ibfs_application_summary&number=SES-ASG-20260910-02539
2026-09-10,SES-AMD-20260909-02535,2026-09-09,Earth station,Amendment,Heighliner Corp,Pending Review,,,https://fcc.report/IBFS/SES-AMD-20260909-02535,https://fccprod.servicenowservices.com/icfs?id=ibfs_application_summary&number=SES-AMD-20260909-02535
2026-09-10,SAT-LOA-20260805-00327,2026-08-05,Space station,Letter of intent (non-US sat),Hubble Network Inc,Pending Review,,,https://fcc.report/IBFS/SAT-LOA-20260805-00327,https://fccprod.servicenowservices.com/icfs?id=ibfs_application_summary&number=SAT-LOA-20260805-00327
2026-09-10,ITC-RPT-20260910-00278,2026-09-10,Intl. telecom,Report,"T-Mobile USA, Inc.",Closed,,,https://fcc.report/IBFS/ITC-RPT-20260910-00278,https://fccprod.servicenowservices.com/icfs?id=ibfs_application_summary&number=ITC-RPT-20260910-00278
2026-09-09,SES-STA-20260909-02538,2026-09-09,Earth station,Special temporary authority,"RBC Signals, LLC",Pending Review,Ground-station-as-a-service,medium,https://fcc.report/IBFS/SES-STA-20260909-02538,https://fccprod.servicenowservices.com/icfs?id=ibfs_application_summary&number=SES-STA-20260909-02538
2026-09-09,SES-STA-20260909-02537,2026-09-09,Earth station,Special temporary authority,"RBC Signals, LLC",Pending Review,Ground-station-as-a-service,medium,https://fcc.report/IBFS/SES-STA-20260909-02537,https://fccprod.servicenowservices.com/icfs?id=ibfs_application_summary&number=SES-STA-20260909-02537
2026-09-09,SES-RWL-20260908-02520,2026-09-08,Earth station,Renewal,"Vyvx, LLC",Pending Review,,,https://fcc.report/IBFS/SES-RWL-20260908-02520,https://fccprod.servicenowservices.com/icfs?id=ibfs_application_summary&number=SES-RWL-20260908-02520
2026-09-09,SES-RWL-20260907-02515,2026-09-07,Earth station,Renewal,COMSAT LLC,Pending Review,Teleport,medium,https://fcc.report/IBFS/SES-RWL-20260907-02515,https://fccprod.servicenowservices.com/icfs?id=ibfs_application_summary&number=SES-RWL-20260907-02515
2026-09-09,SES-RWL-20260907-02513,2026-09-07,Earth station,Renewal,COMSAT LLC,Pending Review,Teleport,medium,https://fcc.report/IBFS/SES-RWL-20260907-02513,https://fccprod.servicenowservices.com/icfs?id=ibfs_application_summary&number=SES-RWL-20260907-02513
2026-09-09,SES-RWL-20260828-02421,2026-08-28,Earth station,Renewal,Inmarsat Solutions (US) Inc.,Pending Payment,Viasat/Inmarsat,medium,https://fcc.report/IBFS/SES-RWL-20260828-02421,https://fccprod.servicenowservices.com/icfs?id=ibfs_application_summary&number=SES-RWL-20260828-02421
2026-09-09,SES-RWL-20260828-02420,2026-08-28,Earth station,Renewal,Inmarsat Solutions (US) Inc.,Pending Payment,Viasat/Inmarsat,medium,https://fcc.report/IBFS/SES-RWL-20260828-02420,https://fccprod.servicenowservices.com/icfs?id=ibfs_application_summary&number=SES-RWL-20260828-02420
2026-09-09,SES-RWL-20260828-02419,2026-08-28,Earth station,Renewal,Inmarsat Solutions (US) Inc.,Pending Payment,Viasat/Inmarsat,medium,https://fcc.report/IBFS/SES-RWL-20260828-02419,https://fccprod.servicenowservices.com/icfs?id=ibfs_application_summary&number=SES-RWL-20260828-02419
2026-09-09,SES-RWL-20260828-02417,2026-08-28,Earth station,Renewal,Inmarsat Solutions (US) Inc.,Pending Payment,Viasat/Inmarsat,medium,https://fcc.report/IBFS/SES-RWL-20260828-02417,https://fccprod.servicenowservices.com/icfs?id=ibfs_application_summary&number=SES-RWL-20260828-02417
2026-09-09,SES-ASG-20260903-02503,2026-09-03,Earth station,Assignment,Hearst Properties Inc.,Pending Review,,,https://fcc.report/IBFS/SES-ASG-20260903-02503,https://fccprod.servicenowservices.com/icfs?id=ibfs_application_summary&number=SES-ASG-20260903-02503
2026-09-09,SAT-STA-20260909-00366,2026-09-09,Space station,Special temporary authority,Capella Space Corp.,Closed,,,https://fcc.report/IBFS/SAT-STA-20260909-00366,https://fccprod.servicenowservices.com/icfs?id=ibfs_application_summary&number=SAT-STA-20260909-00366
2026-09-09,ITC-AMD-20260909-00274,2026-09-09,Intl. telecom,Amendment,Telecom North America Inc.,Pending Review,,,https://fcc.report/IBFS/ITC-AMD-20260909-00274,https://fccprod.servicenowservices.com/icfs?id=ibfs_application_summary&number=ITC-AMD-20260909-00274
2026-09-09,ITC-214-20260909-00277,2026-09-09,Intl. telecom,Sec. 214,Caricell,Pending Payment,,,https://fcc.report/IBFS/ITC-214-20260909-00277,https://fccprod.servicenowservices.com/icfs?id=ibfs_application_summary&number=ITC-214-20260909-00277
2026-09-08,SES-T/C-20260823-02366,2026-08-23,Earth station,Transfer of control,BT Americas Inc.,Pending Review,,,https://fcc.report/IBFS/SES-T/C-20260823-02366,https://fccprod.servicenowservices.com/icfs?id=ibfs_application_summary&number=SES-T/C-20260823-02366
2026-09-08,SES-STA-20260908-02523,2026-09-08,Earth station,Special temporary authority,Myriota Pty Ltd,Pending Review,,,https://fcc.report/IBFS/SES-STA-20260908-02523,https://fccprod.servicenowservices.com/icfs?id=ibfs_application_summary&number=SES-STA-20260908-02523
2026-09-08,SES-STA-20260908-02521,2026-09-08,Earth station,Special temporary authority,"AST & Science, LLC",Pending Review,AST SpaceMobile,medium,https://fcc.report/IBFS/SES-STA-20260908-02521,https://fccprod.servicenowservices.com/icfs?id=ibfs_application_summary&number=SES-STA-20260908-02521
2026-09-08,SES-STA-20260908-02519,2026-09-08,Earth station,Special temporary authority,"ATLAS Space Operations, Inc",Closed,Ground-station-as-a-service,medium,https://fcc.report/IBFS/SES-STA-20260908-02519,https://fccprod.servicenowservices.com/icfs?id=ibfs_application_summary&number=SES-STA-20260908-02519
2026-09-08,SAT-STA-20260908-00364,2026-09-08,Space station,Special temporary authority,"AST & Science, LLC",Pending Review,AST SpaceMobile,,https://fcc.report/IBFS/SAT-STA-20260908-00364,https://fccprod.servicenowservices.com/icfs?id=ibfs_application_summary&number=SAT-STA-20260908-00364
2026-09-08,SAT-STA-20260904-00359,2026-09-04,Space station,Special temporary authority,Space Logistics LLC,Pending Review,,,https://fcc.report/IBFS/SAT-STA-20260904-00359,https://fccprod.servicenowservices.com/icfs?id=ibfs_application_summary&number=SAT-STA-20260904-00359
2026-09-08,SAT-STA-20260904-00358,2026-09-04,Space station,Special temporary authority,Space Logistics LLC,Pending Review,,,https://fcc.report/IBFS/SAT-STA-20260904-00358,https://fccprod.servicenowservices.com/icfs?id=ibfs_application_summary&number=SAT-STA-20260904-00358
2026-09-08,SAT-STA-20260902-00356,2026-09-02,Space station,Special temporary authority,Satellite CD Radio LLC,Closed,,,https://fcc.report/IBFS/SAT-STA-20260902-00356,https://fccprod.servicenowservices.com/icfs?id=ibfs_application_summary&number=SAT-STA-20260902-00356
2026-09-08,ITC-T/C-20260907-00266,2026-09-07,Intl. telecom,Transfer of control,British Telecommunications Limited,Pending Review,,,https://fcc.report/IBFS/ITC-T/C-20260907-00266,https://fccprod.servicenowservices.com/icfs?id=ibfs_application_summary&number=ITC-T/C-20260907-00266
2026-09-08,ITC-T/C-20260823-00254,2026-08-23,Intl. telecom,Transfer of control,British Telecommunications Limited,Pending Review,,,https://fcc.report/IBFS/ITC-T/C-20260823-00254,https://fccprod.servicenowservices.com/icfs?id=ibfs_application_summary&number=ITC-T/C-20260823-00254
2026-09-08,ITC-ASG-20260820-00250,2026-08-20,Intl. telecom,Assignment,Verizon Business Global LLC dba Verizon Business,Pending Review,,,https://fcc.report/IBFS/ITC-ASG-20260820-00250,https://fccprod.servicenowservices.com/icfs?id=ibfs_application_summary&number=ITC-ASG-20260820-00250
2026-09-04,SES-RWL-20260904-02510,2026-09-04,Earth station,Renewal,"DIRECTV Enterprises, LLC",Pending Review,DIRECTV,medium,https://fcc.report/IBFS/SES-RWL-20260904-02510,https://fccprod.servicenowservices.com/icfs?id=ibfs_application_summary&number=SES-RWL-20260904-02510
2026-09-04,SES-RWL-20260831-02450,2026-08-31,Earth station,Renewal,COMSAT LLC,Pending Review,Teleport,medium,https://fcc.report/IBFS/SES-RWL-20260831-02450,https://fccprod.servicenowservices.com/icfs?id=ibfs_application_summary&number=SES-RWL-20260831-02450
2026-09-04,SES-MOD-20260901-02466,2026-09-01,Earth station,Modification,Northwood Space Corp.,Pending Review,Ground-station-as-a-service,high,https://fcc.report/IBFS/SES-MOD-20260901-02466,https://fccprod.servicenowservices.com/icfs?id=ibfs_application_summary&number=SES-MOD-20260901-02466
2026-09-04,SES-MOD-20260901-02465,2026-09-01,Earth station,Modification,Northwood Space Corp.,Pending Review,Ground-station-as-a-service,high,https://fcc.report/IBFS/SES-MOD-20260901-02465,https://fccprod.servicenowservices.com/icfs?id=ibfs_application_summary&number=SES-MOD-20260901-02465
2026-09-04,SES-MOD-20260901-02464,2026-09-01,Earth station,Modification,Northwood Space Corp.,Pending Review,Ground-station-as-a-service,high,https://fcc.report/IBFS/SES-MOD-20260901-02464,https://fccprod.servicenowservices.com/icfs?id=ibfs_application_summary&number=SES-MOD-20260901-02464
2026-09-04,SES-MOD-20260901-02463,2026-09-01,Earth station,Modification,Northwood Space Corp.,Pending Review,Ground-station-as-a-service,high,https://fcc.report/IBFS/SES-MOD-20260901-02463,https://fccprod.servicenowservices.com/icfs?id=ibfs_application_summary&number=SES-MOD-20260901-02463
2026-09-04,SES-MOD-20260901-02462,2026-09-01,Earth station,Modification,Northwood Space Corp.,Pending Review,Ground-station-as-a-service,high,https://fcc.report/IBFS/SES-MOD-20260901-02462,https://fccprod.servicenowservices.com/icfs?id=ibfs_application_summary&number=SES-MOD-20260901-02462
2026-09-04,ITC-ASG-20260901-00264,2026-09-01,Intl. telecom,Assignment,"Hargray Communications Group, LLC",Pending Review,,,https://fcc.report/IBFS/ITC-ASG-20260901-00264,https://fccprod.servicenowservices.com/icfs?id=ibfs_application_summary&number=ITC-ASG-20260901-00264
2026-09-03,SES-STA-20260903-02506,2026-09-03,Earth station,Special temporary authority,"Moynk Properties, LLC",Pending Review,,,https://fcc.report/IBFS/SES-STA-20260903-02506,https://fccprod.servicenowservices.com/icfs?id=ibfs_application_summary&number=SES-STA-20260903-02506
2026-09-03,SES-STA-20260903-02505,2026-09-03,Earth station,Special temporary authority,"Moynk Properties, LLC",Pending Review,,,https://fcc.report/IBFS/SES-STA-20260903-02505,https://fccprod.servicenowservices.com/icfs?id=ibfs_application_summary&number=SES-STA-20260903-02505
2026-09-03,SES-STA-20260903-02504,2026-09-03,Earth station,Special temporary authority,Heighliner Corp,Pending Review,,,https://fcc.report/IBFS/SES-STA-20260903-02504,https://fccprod.servicenowservices.com/icfs?id=ibfs_application_summary&number=SES-STA-20260903-02504
2026-09-03,SES-STA-20260903-02499,2026-09-03,Earth station,Special temporary authority,"Universal Space Network, Inc.",Pending Review,SSC (USN),medium,https://fcc.report/IBFS/SES-STA-20260903-02499,https://fccprod.servicenowservices.com/icfs?id=ibfs_application_summary&number=SES-STA-20260903-02499
2026-09-03,SES-STA-20260903-02498,2026-09-03,Earth station,Special temporary authority,"Universal Space Network, Inc.",Pending Review,SSC (USN),medium,https://fcc.report/IBFS/SES-STA-20260903-02498,https://fccprod.servicenowservices.com/icfs?id=ibfs_application_summary&number=SES-STA-20260903-02498
2026-09-03,SES-LIC-20260902-02490,2026-09-02,Earth station,New license,Satcom Transportables LLC,Pending Payment,,,https://fcc.report/IBFS/SES-LIC-20260902-02490,https://fccprod.servicenowservices.com/icfs?id=ibfs_application_summary&number=SES-LIC-20260902-02490
2026-09-03,SES-ASG-20260812-02221,2026-08-12,Earth station,Assignment,"ACS Long Distance, LLC",Pending Review,,,https://fcc.report/IBFS/SES-ASG-20260812-02221,https://fccprod.servicenowservices.com/icfs?id=ibfs_application_summary&number=SES-ASG-20260812-02221
2026-09-03,SCL-AMD-20260825-00125,2026-08-25,Submarine cable,Amendment,Citadel Pacific Ltd.,Pending Review,,,https://fcc.report/IBFS/SCL-AMD-20260825-00125,https://fccprod.servicenowservices.com/icfs?id=ibfs_application_summary&number=SCL-AMD-20260825-00125
2026-09-03,SAT-RPL-20260727-00312,2026-07-27,Space station,Replacement,Sirius XM Radio LLC,Pending Review,,,https://fcc.report/IBFS/SAT-RPL-20260727-00312,https://fccprod.servicenowservices.com/icfs?id=ibfs_application_summary&number=SAT-RPL-20260727-00312
2026-09-03,SAT-LOA-20260727-00312,2026-07-27,Space station,Letter of intent (non-US sat),Sirius XM Radio LLC,Pending Review,,,https://fcc.report/IBFS/SAT-LOA-20260727-00312,https://fccprod.servicenowservices.com/icfs?id=ibfs_application_summary&number=SAT-LOA-20260727-00312
2026-09-03,ISP-AMD-20260825-00001,2026-08-25,Intl. signaling point,Amendment,PTI Pacifica Inc.,Pending Review,,,https://fcc.report/IBFS/ISP-AMD-20260825-00001,https://fccprod.servicenowservices.com/icfs?id=ibfs_application_summary&number=ISP-AMD-20260825-00001
2026-09-02,SES-STA-20260902-02489,2026-09-02,Earth station,Special temporary authority,"AST & Science, LLC",Pending Review,AST SpaceMobile,medium,https://fcc.report/IBFS/SES-STA-20260902-02489,https://fccprod.servicenowservices.com/icfs?id=ibfs_application_summary&number=SES-STA-20260902-02489
2026-09-02,SES-STA-20260902-02488,2026-09-02,Earth station,Special temporary authority,"AST & Science, LLC",Pending Review,AST SpaceMobile,medium,https://fcc.report/IBFS/SES-STA-20260902-02488,https://fccprod.servicenowservices.com/icfs?id=ibfs_application_summary&number=SES-STA-20260902-02488
2026-09-02,SES-STA-20260902-02487,2026-09-02,Earth station,Special temporary authority,"AST & Science, LLC",Pending Review,AST SpaceMobile,medium,https://fcc.report/IBFS/SES-STA-20260902-02487,https://fccprod.servicenowservices.com/icfs?id=ibfs_application_summary&number=SES-STA-20260902-02487
2026-09-02,SES-STA-20260902-02486,2026-09-02,Earth station,Special temporary authority,"AST & Science, LLC",Pending Review,AST SpaceMobile,medium,https://fcc.report/IBFS/SES-STA-20260902-02486,https://fccprod.servicenowservices.com/icfs?id=ibfs_application_summary&number=SES-STA-20260902-02486
2026-09-02,SES-STA-20260902-02483,2026-09-02,Earth station,Special temporary authority,Parsons Corporation,Pending Review,,,https://fcc.report/IBFS/SES-STA-20260902-02483,https://fccprod.servicenowservices.com/icfs?id=ibfs_application_summary&number=SES-STA-20260902-02483
2026-09-02,SES-STA-20260901-02467,2026-09-01,Earth station,Special temporary authority,Parsons Corporation,Pending Review,,,https://fcc.report/IBFS/SES-STA-20260901-02467,https://fccprod.servicenowservices.com/icfs?id=ibfs_application_summary&number=SES-STA-20260901-02467
2026-09-02,SES-STA-20260807-02193,2026-08-07,Earth station,Special temporary authority,Parsons Corporation,Pending Review,,,https://fcc.report/IBFS/SES-STA-20260807-02193,https://fccprod.servicenowservices.com/icfs?id=ibfs_application_summary&number=SES-STA-20260807-02193
2026-09-02,SES-STA-20260807-02192,2026-08-07,Earth station,Special temporary authority,Parsons Corporation,Pending Review,,,https://fcc.report/IBFS/SES-STA-20260807-02192,https://fccprod.servicenowservices.com/icfs?id=ibfs_application_summary&number=SES-STA-20260807-02192
2026-09-02,SAT-LOA-20260527-00216,2026-05-27,Space station,Letter of intent (non-US sat),Turion Space Corp.,Pending Payment,,,https://fcc.report/IBFS/SAT-LOA-20260527-00216,https://fccprod.servicenowservices.com/icfs?id=ibfs_application_summary&number=SAT-LOA-20260527-00216
2026-09-01,SES-T/C-20260817-02328,2026-08-17,Earth station,Transfer of control,"WDEF-TV, Inc.",Pending Review,,,https://fcc.report/IBFS/SES-T/C-20260817-02328,https://fccprod.servicenowservices.com/icfs?id=ibfs_application_summary&number=SES-T/C-20260817-02328
2026-09-01,SES-T/C-20260817-02327,2026-08-17,Earth station,Transfer of control,"WCBI-TV, LLC",Pending Review,,,https://fcc.report/IBFS/SES-T/C-20260817-02327,https://fccprod.servicenowservices.com/icfs?id=ibfs_application_summary&number=SES-T/C-20260817-02327
2026-09-01,SES-T/C-20260817-02326,2026-08-17,Earth station,Transfer of control,"Morris Network, Inc.",Pending Review,,,https://fcc.report/IBFS/SES-T/C-20260817-02326,https://fccprod.servicenowservices.com/icfs?id=ibfs_application_summary&number=SES-T/C-20260817-02326
2026-09-01,SES-T/C-20260817-02325,2026-08-17,Earth station,Transfer of control,"Morris Network of Mississippi, Inc.",Pending Review,,,https://fcc.report/IBFS/SES-T/C-20260817-02325,https://fccprod.servicenowservices.com/icfs?id=ibfs_application_summary&number=SES-T/C-20260817-02325
2026-09-01,SES-STA-20260901-02482,2026-09-01,Earth station,Special temporary authority,Kongsberg Satellite Services AS,Pending Review,KSAT,medium,https://fcc.report/IBFS/SES-STA-20260901-02482,https://fccprod.servicenowservices.com/icfs?id=ibfs_application_summary&number=SES-STA-20260901-02482
2026-09-01,SES-STA-20260901-02481,2026-09-01,Earth station,Special temporary authority,Haras Development,Pending Review,,,https://fcc.report/IBFS/SES-STA-20260901-02481,https://fccprod.servicenowservices.com/icfs?id=ibfs_application_summary&number=SES-STA-20260901-02481
2026-09-01,SES-STA-20260901-02480,2026-09-01,Earth station,Special temporary authority,Kongsberg Satellite Services AS,Pending Review,KSAT,medium,https://fcc.report/IBFS/SES-STA-20260901-02480,https://fccprod.servicenowservices.com/icfs?id=ibfs_application_summary&number=SES-STA-20260901-02480
2026-09-01,SES-STA-20260901-02479,2026-09-01,Earth station,Special temporary authority,Kongsberg Satellite Services AS,Pending Review,KSAT,medium,https://fcc.report/IBFS/SES-STA-20260901-02479,https://fccprod.servicenowservices.com/icfs?id=ibfs_application_summary&number=SES-STA-20260901-02479
2026-09-01,SES-STA-20260901-02478,2026-09-01,Earth station,Special temporary authority,Kongsberg Satellite Services AS,Pending Review,KSAT,medium,https://fcc.report/IBFS/SES-STA-20260901-02478,https://fccprod.servicenowservices.com/icfs?id=ibfs_application_summary&number=SES-STA-20260901-02478
2026-09-01,SES-STA-20260901-02476,2026-09-01,Earth station,Special temporary authority,Kongsberg Satellite Services AS,Pending Review,KSAT,medium,https://fcc.report/IBFS/SES-STA-20260901-02476,https://fccprod.servicenowservices.com/icfs?id=ibfs_application_summary&number=SES-STA-20260901-02476
2026-09-01,SES-STA-20260901-02475,2026-09-01,Earth station,Special temporary authority,Intelsat License LLC,Pending Review,Intelsat,medium,https://fcc.report/IBFS/SES-STA-20260901-02475,https://fccprod.servicenowservices.com/icfs?id=ibfs_application_summary&number=SES-STA-20260901-02475
2026-09-01,SES-STA-20260901-02474,2026-09-01,Earth station,Special temporary authority,"Denali 20020, LLC",Pending Review,,,https://fcc.report/IBFS/SES-STA-20260901-02474,https://fccprod.servicenowservices.com/icfs?id=ibfs_application_summary&number=SES-STA-20260901-02474
2026-09-01,SES-STA-20260901-02473,2026-09-01,Earth station,Special temporary authority,"Denali 20020, LLC",Pending Review,,,https://fcc.report/IBFS/SES-STA-20260901-02473,https://fccprod.servicenowservices.com/icfs?id=ibfs_application_summary&number=SES-STA-20260901-02473
2026-09-01,SES-STA-20260901-02470,2026-09-01,Earth station,Special temporary authority,Planet Labs PBC,Pending Review,Planet,medium,https://fcc.report/IBFS/SES-STA-20260901-02470,https://fccprod.servicenowservices.com/icfs?id=ibfs_application_summary&number=SES-STA-20260901-02470
2026-09-01,SES-STA-20260901-02469,2026-09-01,Earth station,Special temporary authority,Planet Labs PBC,Pending Review,Planet,medium,https://fcc.report/IBFS/SES-STA-20260901-02469,https://fccprod.servicenowservices.com/icfs?id=ibfs_application_summary&number=SES-STA-20260901-02469
2026-09-01,SES-STA-20260828-02440,2026-08-28,Earth station,Special temporary authority,"Viasat, Inc.",Pending Review,Viasat/Inmarsat,medium,https://fcc.report/IBFS/SES-STA-20260828-02440,https://fccprod.servicenowservices.com/icfs?id=ibfs_application_summary&number=SES-STA-20260828-02440
2026-09-01,SES-STA-20260828-02439,2026-08-28,Earth station,Special temporary authority,"Viasat, Inc.",Pending Review,Viasat/Inmarsat,medium,https://fcc.report/IBFS/SES-STA-20260828-02439,https://fccprod.servicenowservices.com/icfs?id=ibfs_application_summary&number=SES-STA-20260828-02439
2026-09-01,SES-STA-20260828-02437,2026-08-28,Earth station,Special temporary authority,"Viasat, Inc.",Pending Review,Viasat/Inmarsat,medium,https://fcc.report/IBFS/SES-STA-20260828-02437,https://fccprod.servicenowservices.com/icfs?id=ibfs_application_summary&number=SES-STA-20260828-02437
2026-09-01,SES-STA-20260828-02436,2026-08-28,Earth station,Special temporary authority,"Viasat, Inc.",Pending Review,Viasat/Inmarsat,medium,https://fcc.report/IBFS/SES-STA-20260828-02436,https://fccprod.servicenowservices.com/icfs?id=ibfs_application_summary&number=SES-STA-20260828-02436
2026-09-01,SES-STA-20260828-02435,2026-08-28,Earth station,Special temporary authority,"Viasat, Inc.",Pending Review,Viasat/Inmarsat,medium,https://fcc.report/IBFS/SES-STA-20260828-02435,https://fccprod.servicenowservices.com/icfs?id=ibfs_application_summary&number=SES-STA-20260828-02435
2026-09-01,SES-STA-20260828-02434,2026-08-28,Earth station,Special temporary authority,"Viasat, Inc.",Pending Review,Viasat/Inmarsat,medium,https://fcc.report/IBFS/SES-STA-20260828-02434,https://fccprod.servicenowservices.com/icfs?id=ibfs_application_summary&number=SES-STA-20260828-02434
2026-09-01,SES-STA-20260828-02433,2026-08-28,Earth station,Special temporary authority,"Viasat, Inc.",Pending Review,Viasat/Inmarsat,medium,https://fcc.report/IBFS/SES-STA-20260828-02433,https://fccprod.servicenowservices.com/icfs?id=ibfs_application_summary&number=SES-STA-20260828-02433
2026-09-01,SES-STA-20260828-02432,2026-08-28,Earth station,Special temporary authority,"Viasat, Inc.",Pending Review,Viasat/Inmarsat,medium,https://fcc.report/IBFS/SES-STA-20260828-02432,https://fccprod.servicenowservices.com/icfs?id=ibfs_application_summary&number=SES-STA-20260828-02432
2026-09-01,SES-STA-20260828-02431,2026-08-28,Earth station,Special temporary authority,"Viasat, Inc.",Pending Review,Viasat/Inmarsat,medium,https://fcc.report/IBFS/SES-STA-20260828-02431,https://fccprod.servicenowservices.com/icfs?id=ibfs_application_summary&number=SES-STA-20260828-02431
2026-09-01,SES-STA-20260828-02430,2026-08-28,Earth station,Special temporary authority,"Viasat, Inc.",Pending Review,Viasat/Inmarsat,medium,https://fcc.report/IBFS/SES-STA-20260828-02430,https://fccprod.servicenowservices.com/icfs?id=ibfs_application_summary&number=SES-STA-20260828-02430
2026-09-01,SES-STA-20260828-02429,2026-08-28,Earth station,Special temporary authority,"Viasat, Inc.",Pending Review,Viasat/Inmarsat,medium,https://fcc.report/IBFS/SES-STA-20260828-02429,https://fccprod.servicenowservices.com/icfs?id=ibfs_application_summary&number=SES-STA-20260828-02429
2026-09-01,SES-MOD-20260831-02456,2026-08-31,Earth station,Modification,"Denali 20020, LLC",Pending Payment,,,https://fcc.report/IBFS/SES-MOD-20260831-02456,https://fccprod.servicenowservices.com/icfs?id=ibfs_application_summary&number=SES-MOD-20260831-02456
2026-09-01,SES-MOD-20260831-02455,2026-08-31,Earth station,Modification,"Denali 20020, LLC",Pending Payment,,,https://fcc.report/IBFS/SES-MOD-20260831-02455,https://fccprod.servicenowservices.com/icfs?id=ibfs_application_summary&number=SES-MOD-20260831-02455
2026-09-01,SES-LIC-20260626-01927,2026-06-26,Earth station,New license,Kuiper Systems LLC,Pending Review,Kuiper,high,https://fcc.report/IBFS/SES-LIC-20260626-01927,https://fccprod.servicenowservices.com/icfs?id=ibfs_application_summary&number=SES-LIC-20260626-01927
2026-09-01,SES-LIC-20260407-00876,2026-04-07,Earth station,New license,Kuiper Systems LLC,Pending Review,Kuiper,high,https://fcc.report/IBFS/SES-LIC-20260407-00876,https://fccprod.servicenowservices.com/icfs?id=ibfs_application_summary&number=SES-LIC-20260407-00876
2026-09-01,SES-LIC-20260407-00874,2026-04-07,Earth station,New license,Kuiper Systems LLC,Pending Review,Kuiper,high,https://fcc.report/IBFS/SES-LIC-20260407-00874,https://fccprod.servicenowservices.com/icfs?id=ibfs_application_summary&number=SES-LIC-20260407-00874
2026-09-01,ITC-T/C-20260824-00255,2026-08-24,Intl. telecom,Transfer of control,The Samuel P. Delug Living Trust,Pending Review,,,https://fcc.report/IBFS/ITC-T/C-20260824-00255,https://fccprod.servicenowservices.com/icfs?id=ibfs_application_summary&number=ITC-T/C-20260824-00255
2026-09-01,ITC-T/C-20260817-00248,2026-08-17,Intl. telecom,Transfer of control,The Samuel P. Delug Living Trust,Pending Review,,,https://fcc.report/IBFS/ITC-T/C-20260817-00248,https://fccprod.servicenowservices.com/icfs?id=ibfs_application_summary&number=ITC-T/C-20260817-00248
2026-09-01,ITC-T/C-20260817-00247,2026-08-17,Intl. telecom,Transfer of control,The Samuel P. Delug Living Trust,Pending Review,,,https://fcc.report/IBFS/ITC-T/C-20260817-00247,https://fccprod.servicenowservices.com/icfs?id=ibfs_application_summary&number=ITC-T/C-20260817-00247
2026-09-01,ITC-AMD-20260831-00263,2026-08-31,Intl. telecom,Amendment,SkyTel Corporation,Pending Review,,,https://fcc.report/IBFS/ITC-AMD-20260831-00263,https://fccprod.servicenowservices.com/icfs?id=ibfs_application_summary&number=ITC-AMD-20260831-00263
2026-08-31,SES-STA-20260831-02461,2026-08-31,Earth station,Special temporary authority,"SpaceX Services, Inc.",Pending Review,Starlink,medium,https://fcc.report/IBFS/SES-STA-20260831-02461,https://fccprod.servicenowservices.com/icfs?id=ibfs_application_summary&number=SES-STA-20260831-02461
2026-08-31,SES-STA-20260831-02460,2026-08-31,Earth station,Special temporary authority,"SpaceX Services, Inc.",Pending Review,Starlink,medium,https://fcc.report/IBFS/SES-STA-20260831-02460,https://fccprod.servicenowservices.com/icfs?id=ibfs_application_summary&number=SES-STA-20260831-02460
2026-08-31,SES-STA-20260831-02459,2026-08-31,Earth station,Special temporary authority,"SpaceX Services, Inc.",Pending Review,Starlink,medium,https://fcc.report/IBFS/SES-STA-20260831-02459,https://fccprod.servicenowservices.com/icfs?id=ibfs_application_summary&number=SES-STA-20260831-02459
2026-08-31,SES-STA-20260831-02458,2026-08-31,Earth station,Special temporary authority,"SpaceX Services, Inc.",Pending Review,Starlink,medium,https://fcc.report/IBFS/SES-STA-20260831-02458,https://fccprod.servicenowservices.com/icfs?id=ibfs_application_summary&number=SES-STA-20260831-02458
2026-08-31,SES-STA-20260831-02457,2026-08-31,Earth station,Special temporary authority,"SpaceX Services, Inc.",Pending Review,Starlink,medium,https://fcc.report/IBFS/SES-STA-20260831-02457,https://fccprod.servicenowservices.com/icfs?id=ibfs_application_summary&number=SES-STA-20260831-02457
2026-08-31,SES-STA-20260831-02454,2026-08-31,Earth station,Special temporary authority,"SpaceX Services, Inc.",Pending Review,Starlink,medium,https://fcc.report/IBFS/SES-STA-20260831-02454,https://fccprod.servicenowservices.com/icfs?id=ibfs_application_summary&number=SES-STA-20260831-02454
2026-08-31,SES-STA-20260831-02453,2026-08-31,Earth station,Special temporary authority,"SpaceX Services, Inc.",Pending Review,Starlink,medium,https://fcc.report/IBFS/SES-STA-20260831-02453,https://fccprod.servicenowservices.com/icfs?id=ibfs_application_summary&number=SES-STA-20260831-02453
2026-08-31,SES-STA-20260831-02448,2026-08-31,Earth station,Special temporary authority,"Universal Space Network, Inc.",Pending Review,SSC (USN),medium,https://fcc.report/IBFS/SES-STA-20260831-02448,https://fccprod.servicenowservices.com/icfs?id=ibfs_application_summary&number=SES-STA-20260831-02448
2026-08-31,SES-STA-20260831-02447,2026-08-31,Earth station,Special temporary authority,"Universal Space Network, Inc.",Pending Review,SSC (USN),medium,https://fcc.report/IBFS/SES-STA-20260831-02447,https://fccprod.servicenowservices.com/icfs?id=ibfs_application_summary&number=SES-STA-20260831-02447
2026-08-31,SES-STA-20260831-02446,2026-08-31,Earth station,Special temporary authority,"Universal Space Network, Inc.",Pending Review,SSC (USN),medium,https://fcc.report/IBFS/SES-STA-20260831-02446,https://fccprod.servicenowservices.com/icfs?id=ibfs_application_summary&number=SES-STA-20260831-02446
2026-08-31,SES-STA-20260827-02410,2026-08-27,Earth station,Special temporary authority,"Flint Hills Resources, LC",Closed,,,https://fcc.report/IBFS/SES-STA-20260827-02410,https://fccprod.servicenowservices.com/icfs?id=ibfs_application_summary&number=SES-STA-20260827-02410
2026-08-31,SES-STA-20260827-02406,2026-08-27,Earth station,Special temporary authority,"SpaceX Services, Inc.",Pending Review,Starlink,medium,https://fcc.report/IBFS/SES-STA-20260827-02406,https://fccprod.servicenowservices.com/icfs?id=ibfs_application_summary&number=SES-STA-20260827-02406
2026-08-31,SES-STA-20260827-02404,2026-08-27,Earth station,Special temporary authority,"Flint Hills Resources, LC",Closed,,,https://fcc.report/IBFS/SES-STA-20260827-02404,https://fccprod.servicenowservices.com/icfs?id=ibfs_application_summary&number=SES-STA-20260827-02404
2026-08-31,SES-STA-20260820-02359,2026-08-20,Earth station,Special temporary authority,Calian Pacific Teleports Ltd.,Pending Review,Teleport,medium,https://fcc.report/IBFS/SES-STA-20260820-02359,https://fccprod.servicenowservices.com/icfs?id=ibfs_application_summary&number=SES-STA-20260820-02359
2026-08-31,SAT-STA-20260831-00353,2026-08-31,Space station,Special temporary authority,"Space Exploration Holdings, LLC",Pending Review,Starlink,,https://fcc.report/IBFS/SAT-STA-20260831-00353,https://fccprod.servicenowservices.com/icfs?id=ibfs_application_summary&number=SAT-STA-20260831-00353
2026-08-28,SES-T/C-20260828-02428,2026-08-28,Earth station,Transfer of control,"SCA-Palo Alto, LLC",Pending Review,,,https://fcc.report/IBFS/SES-T/C-20260828-02428,https://fccprod.servicenowservices.com/icfs?id=ibfs_application_summary&number=SES-T/C-20260828-02428
2026-08-28,SES-T/C-20260828-02427,2026-08-28,Earth station,Transfer of control,"Salem Media of Texas, Inc.",Pending Review,,,https://fcc.report/IBFS/SES-T/C-20260828-02427,https://fccprod.servicenowservices.com/icfs?id=ibfs_application_summary&number=SES-T/C-20260828-02427
2026-08-28,SES-T/C-20260828-02426,2026-08-28,Earth station,Transfer of control,"Salem Media of Oregon, Inc.",Pending Review,,,https://fcc.report/IBFS/SES-T/C-20260828-02426,https://fccprod.servicenowservices.com/icfs?id=ibfs_application_summary&number=SES-T/C-20260828-02426
2026-08-28,SES-T/C-20260828-02425,2026-08-28,Earth station,Transfer of control,"Salem Media of Ohio, Inc.",Pending Review,,,https://fcc.report/IBFS/SES-T/C-20260828-02425,https://fccprod.servicenowservices.com/icfs?id=ibfs_application_summary&number=SES-T/C-20260828-02425
2026-08-28,SES-T/C-20260828-02424,2026-08-28,Earth station,Transfer of control,"Salem Media of New York, LLC",Pending Review,,,https://fcc.report/IBFS/SES-T/C-20260828-02424,https://fccprod.servicenowservices.com/icfs?id=ibfs_application_summary&number=SES-T/C-20260828-02424
2026-08-28,SES-T/C-20260828-02423,2026-08-28,Earth station,Transfer of control,Salem Media of Massachusetts LLC,Pending Review,,,https://fcc.report/IBFS/SES-T/C-20260828-02423,https://fccprod.servicenowservices.com/icfs?id=ibfs_application_summary&number=SES-T/C-20260828-02423
2026-08-28,SES-T/C-20260828-02422,2026-08-28,Earth station,Transfer of control,"Salem Media of Illinois, LLC",Pending Review,,,https://fcc.report/IBFS/SES-T/C-20260828-02422,https://fccprod.servicenowservices.com/icfs?id=ibfs_application_summary&number=SES-T/C-20260828-02422
2026-08-28,SES-T/C-20260828-02418,2026-08-28,Earth station,Transfer of control,"Salem Media of Colorado, Inc.",Pending Review,,,https://fcc.report/IBFS/SES-T/C-20260828-02418,https://fccprod.servicenowservices.com/icfs?id=ibfs_application_summary&number=SES-T/C-20260828-02418
2026-08-28,SES-T/C-20260828-02416,2026-08-28,Earth station,Transfer of control,Salem Communications Holding Corporation,Pending Review,,,https://fcc.report/IBFS/SES-T/C-20260828-02416,https://fccprod.servicenowservices.com/icfs?id=ibfs_application_summary&number=SES-T/C-20260828-02416
2026-08-28,SES-T/C-20260828-02415,2026-08-28,Earth station,Transfer of control,"New Inspiration Broadcasting Company, Inc.",Pending Review,,,https://fcc.report/IBFS/SES-T/C-20260828-02415,https://fccprod.servicenowservices.com/icfs?id=ibfs_application_summary&number=SES-T/C-20260828-02415
2026-08-28,SES-T/C-20260827-02407,2026-08-27,Earth station,Transfer of control,"Inspiration Media of Texas, LLC",Pending Review,,,https://fcc.report/IBFS/SES-T/C-20260827-02407,https://fccprod.servicenowservices.com/icfs?id=ibfs_application_summary&number=SES-T/C-20260827-02407
2026-08-28,SES-STA-20260828-02438,2026-08-28,Earth station,Special temporary authority,"Viasat, Inc.",Closed,Viasat/Inmarsat,medium,https://fcc.report/IBFS/SES-STA-20260828-02438,https://fccprod.servicenowservices.com/icfs?id=ibfs_application_summary&number=SES-STA-20260828-02438
2026-08-28,SES-STA-20260622-01863,2026-06-22,Earth station,Special temporary authority,"Viasat, Inc.",Closed,Viasat/Inmarsat,medium,https://fcc.report/IBFS/SES-STA-20260622-01863,https://fccprod.servicenowservices.com/icfs?id=ibfs_application_summary&number=SES-STA-20260622-01863
2026-08-28,SES-STA-20260622-01861,2026-06-22,Earth station,Special temporary authority,"Viasat, Inc.",Closed,Viasat/Inmarsat,medium,https://fcc.report/IBFS/SES-STA-20260622-01861,https://fccprod.servicenowservices.com/icfs?id=ibfs_application_summary&number=SES-STA-20260622-01861
2026-08-28,SES-STA-20260622-01859,2026-06-22,Earth station,Special temporary authority,"Viasat, Inc.",Closed,Viasat/Inmarsat,medium,https://fcc.report/IBFS/SES-STA-20260622-01859,https://fccprod.servicenowservices.com/icfs?id=ibfs_application_summary&number=SES-STA-20260622-01859
2026-08-28,SES-MOD-20260622-01862,2026-06-22,Earth station,Modification,"Viasat, Inc.",Pending Review,Viasat/Inmarsat,medium,https://fcc.report/IBFS/SES-MOD-20260622-01862,https://fccprod.servicenowservices.com/icfs?id=ibfs_application_summary&number=SES-MOD-20260622-01862
2026-08-28,SES-MOD-20260622-01860,2026-06-22,Earth station,Modification,"Viasat, Inc.",Pending Review,Viasat/Inmarsat,medium,https://fcc.report/IBFS/SES-MOD-20260622-01860,https://fccprod.servicenowservices.com/icfs?id=ibfs_application_summary&number=SES-MOD-20260622-01860
2026-08-28,SES-MOD-20260622-01858,2026-06-22,Earth station,Modification,"Viasat, Inc.",Pending Review,Viasat/Inmarsat,medium,https://fcc.report/IBFS/SES-MOD-20260622-01858,https://fccprod.servicenowservices.com/icfs?id=ibfs_application_summary&number=SES-MOD-20260622-01858
2026-08-28,SAT-STA-20260828-00352,2026-08-28,Space station,Special temporary authority,"Space Exploration Holdings, LLC",Pending Review,Starlink,,https://fcc.report/IBFS/SAT-STA-20260828-00352,https://fccprod.servicenowservices.com/icfs?id=ibfs_application_summary&number=SAT-STA-20260828-00352
2026-08-28,SAT-STA-20260828-00351,2026-08-28,Space station,Special temporary authority,Astranis Projects USA LLC,Closed,Astranis,,https://fcc.report/IBFS/SAT-STA-20260828-00351,https://fccprod.servicenowservices.com/icfs?id=ibfs_application_summary&number=SAT-STA-20260828-00351
2026-08-28,SAT-STA-20260828-00349,2026-08-28,Space station,Special temporary authority,Capella Space Corp.,Closed,,,https://fcc.report/IBFS/SAT-STA-20260828-00349,https://fccprod.servicenowservices.com/icfs?id=ibfs_application_summary&number=SAT-STA-20260828-00349
2026-08-27,SES-STA-20260827-02414,2026-08-27,Earth station,Special temporary authority,"Moynk Properties, LLC",Pending Review,,,https://fcc.report/IBFS/SES-STA-20260827-02414,https://fccprod.servicenowservices.com/icfs?id=ibfs_application_summary&number=SES-STA-20260827-02414
2026-08-27,SES-STA-20260827-02413,2026-08-27,Earth station,Special temporary authority,"Moynk Properties, LLC",Closed,,,https://fcc.report/IBFS/SES-STA-20260827-02413,https://fccprod.servicenowservices.com/icfs?id=ibfs_application_summary&number=SES-STA-20260827-02413
2026-08-27,SES-STA-20260827-02412,2026-08-27,Earth station,Special temporary authority,Haras Development,Pending Review,,,https://fcc.report/IBFS/SES-STA-20260827-02412,https://fccprod.servicenowservices.com/icfs?id=ibfs_application_summary&number=SES-STA-20260827-02412
2026-08-27,SES-STA-20260827-02411,2026-08-27,Earth station,Special temporary authority,Maris Developments,Closed,,,https://fcc.report/IBFS/SES-STA-20260827-02411,https://fccprod.servicenowservices.com/icfs?id=ibfs_application_summary&number=SES-STA-20260827-02411
2026-08-27,SES-STA-20260827-02409,2026-08-27,Earth station,Special temporary authority,Heighliner Corp,Pending Review,,,https://fcc.report/IBFS/SES-STA-20260827-02409,https://fccprod.servicenowservices.com/icfs?id=ibfs_application_summary&number=SES-STA-20260827-02409
2026-08-27,SES-STA-20260827-02405,2026-08-27,Earth station,Special temporary authority,Intelsat License LLC,Pending Review,Intelsat,medium,https://fcc.report/IBFS/SES-STA-20260827-02405,https://fccprod.servicenowservices.com/icfs?id=ibfs_application_summary&number=SES-STA-20260827-02405
2026-08-27,SAT-STA-20260827-00348,2026-08-27,Space station,Special temporary authority,Intelsat License LLC,Closed,Intelsat,,https://fcc.report/IBFS/SAT-STA-20260827-00348,https://fccprod.servicenowservices.com/icfs?id=ibfs_application_summary&number=SAT-STA-20260827-00348
2026-08-26,SES-STA-20260826-02402,2026-08-26,Earth station,Special temporary authority,Intelsat License LLC,Pending Review,Intelsat,medium,https://fcc.report/IBFS/SES-STA-20260826-02402,https://fccprod.servicenowservices.com/icfs?id=ibfs_application_summary&number=SES-STA-20260826-02402
2026-08-26,SES-STA-20260820-02358,2026-08-20,Earth station,Special temporary authority,Arctec Alaska JV,Pending Review,,,https://fcc.report/IBFS/SES-STA-20260820-02358,https://fccprod.servicenowservices.com/icfs?id=ibfs_application_summary&number=SES-STA-20260820-02358
2026-08-26,ITC-AMD-20260826-00260,2026-08-26,Intl. telecom,Amendment,NeuroX Global Technologies LP,Pending Review,,,https://fcc.report/IBFS/ITC-AMD-20260826-00260,https://fccprod.servicenowservices.com/icfs?id=ibfs_application_summary&number=ITC-AMD-20260826-00260
2026-08-26,ITC-AMD-20260826-00259,2026-08-26,Intl. telecom,Amendment,NeuroX Global Technologies LP,Pending Review,,,https://fcc.report/IBFS/ITC-AMD-20260826-00259,https://fccprod.servicenowservices.com/icfs?id=ibfs_application_summary&number=ITC-AMD-20260826-00259
2026-08-25,SES-STA-20260825-02396,2026-08-25,Earth station,Special temporary authority,Intelsat License LLC,Pending Review,Intelsat,medium,https://fcc.report/IBFS/SES-STA-20260825-02396,https://fccprod.servicenowservices.com/icfs?id=ibfs_application_summary&number=SES-STA-20260825-02396
2026-08-25,SES-STA-20260825-02395,2026-08-25,Earth station,Special temporary authority,Intelsat License LLC,Pending Review,Intelsat,medium,https://fcc.report/IBFS/SES-STA-20260825-02395,https://fccprod.servicenowservices.com/icfs?id=ibfs_application_summary&number=SES-STA-20260825-02395
2026-08-25,SES-STA-20260825-02394,2026-08-25,Earth station,Special temporary authority,Intelsat License LLC,Pending Review,Intelsat,medium,https://fcc.report/IBFS/SES-STA-20260825-02394,https://fccprod.servicenowservices.com/icfs?id=ibfs_application_summary&number=SES-STA-20260825-02394
2026-08-25,SES-STA-20260825-02392,2026-08-25,Earth station,Special temporary authority,Intelsat License LLC,Pending Review,Intelsat,medium,https://fcc.report/IBFS/SES-STA-20260825-02392,https://fccprod.servicenowservices.com/icfs?id=ibfs_application_summary&number=SES-STA-20260825-02392
2026-08-25,SES-STA-20260825-02391,2026-08-25,Earth station,Special temporary authority,Intelsat License LLC,Pending Review,Intelsat,medium,https://fcc.report/IBFS/SES-STA-20260825-02391,https://fccprod.servicenowservices.com/icfs?id=ibfs_application_summary&number=SES-STA-20260825-02391
2026-08-25,SES-STA-20260825-02390,2026-08-25,Earth station,Special temporary authority,"Viasat, Inc.",Pending Review,Viasat/Inmarsat,medium,https://fcc.report/IBFS/SES-STA-20260825-02390,https://fccprod.servicenowservices.com/icfs?id=ibfs_application_summary&number=SES-STA-20260825-02390
2026-08-25,SES-STA-20260825-02389,2026-08-25,Earth station,Special temporary authority,"Viasat, Inc.",Pending Review,Viasat/Inmarsat,medium,https://fcc.report/IBFS/SES-STA-20260825-02389,https://fccprod.servicenowservices.com/icfs?id=ibfs_application_summary&number=SES-STA-20260825-02389
2026-08-25,SES-STA-20260825-02388,2026-08-25,Earth station,Special temporary authority,"Viasat, Inc.",Pending Review,Viasat/Inmarsat,medium,https://fcc.report/IBFS/SES-STA-20260825-02388,https://fccprod.servicenowservices.com/icfs?id=ibfs_application_summary&number=SES-STA-20260825-02388
2026-08-25,SES-STA-20260825-02387,2026-08-25,Earth station,Special temporary authority,"Viasat, Inc.",Pending Review,Viasat/Inmarsat,medium,https://fcc.report/IBFS/SES-STA-20260825-02387,https://fccprod.servicenowservices.com/icfs?id=ibfs_application_summary&number=SES-STA-20260825-02387
2026-08-25,SES-STA-20260825-02386,2026-08-25,Earth station,Special temporary authority,"Viasat, Inc.",Pending Review,Viasat/Inmarsat,medium,https://fcc.report/IBFS/SES-STA-20260825-02386,https://fccprod.servicenowservices.com/icfs?id=ibfs_application_summary&number=SES-STA-20260825-02386
2026-08-25,SES-STA-20260825-02384,2026-08-25,Earth station,Special temporary authority,"Viasat, Inc.",Pending Review,Viasat/Inmarsat,medium,https://fcc.report/IBFS/SES-STA-20260825-02384,https://fccprod.servicenowservices.com/icfs?id=ibfs_application_summary&number=SES-STA-20260825-02384
2026-08-25,SES-STA-20260825-02383,2026-08-25,Earth station,Special temporary authority,"Viasat, Inc.",Pending Review,Viasat/Inmarsat,medium,https://fcc.report/IBFS/SES-STA-20260825-02383,https://fccprod.servicenowservices.com/icfs?id=ibfs_application_summary&number=SES-STA-20260825-02383
2026-08-25,SES-STA-20260825-02382,2026-08-25,Earth station,Special temporary authority,"Viasat, Inc.",Pending Review,Viasat/Inmarsat,medium,https://fcc.report/IBFS/SES-STA-20260825-02382,https://fccprod.servicenowservices.com/icfs?id=ibfs_application_summary&number=SES-STA-20260825-02382
2026-08-25,SES-STA-20260825-02381,2026-08-25,Earth station,Special temporary authority,"Viasat, Inc.",Pending Review,Viasat/Inmarsat,medium,https://fcc.report/IBFS/SES-STA-20260825-02381,https://fccprod.servicenowservices.com/icfs?id=ibfs_application_summary&number=SES-STA-20260825-02381
2026-08-25,SES-STA-20260825-02380,2026-08-25,Earth station,Special temporary authority,"Viasat, Inc.",Pending Review,Viasat/Inmarsat,medium,https://fcc.report/IBFS/SES-STA-20260825-02380,https://fccprod.servicenowservices.com/icfs?id=ibfs_application_summary&number=SES-STA-20260825-02380
2026-08-25,SES-STA-20260825-02379,2026-08-25,Earth station,Special temporary authority,"Viasat, Inc.",Pending Review,Viasat/Inmarsat,medium,https://fcc.report/IBFS/SES-STA-20260825-02379,https://fccprod.servicenowservices.com/icfs?id=ibfs_application_summary&number=SES-STA-20260825-02379
2026-08-25,SES-STA-20260825-02378,2026-08-25,Earth station,Special temporary authority,"Viasat, Inc.",Pending Review,Viasat/Inmarsat,medium,https://fcc.report/IBFS/SES-STA-20260825-02378,https://fccprod.servicenowservices.com/icfs?id=ibfs_application_summary&number=SES-STA-20260825-02378
2026-08-25,SES-STA-20260825-02377,2026-08-25,Earth station,Special temporary authority,ISAT US Inc.,Closed,Viasat/Inmarsat,medium,https://fcc.report/IBFS/SES-STA-20260825-02377,https://fccprod.servicenowservices.com/icfs?id=ibfs_application_summary&number=SES-STA-20260825-02377
2026-08-25,SES-STA-20260825-02376,2026-08-25,Earth station,Special temporary authority,Haras Development,Pending Review,,,https://fcc.report/IBFS/SES-STA-20260825-02376,https://fccprod.servicenowservices.com/icfs?id=ibfs_application_summary&number=SES-STA-20260825-02376
2026-08-25,SES-RWL-20260821-02362,2026-08-21,Earth station,Renewal,"SATELLITE TECHNOLOGY SYSTEMS, LLC",Pending Payment,,,https://fcc.report/IBFS/SES-RWL-20260821-02362,https://fccprod.servicenowservices.com/icfs?id=ibfs_application_summary&number=SES-RWL-20260821-02362
2026-08-25,SES-RWL-20260811-02200,2026-08-11,Earth station,Renewal,"SATELLITE TECHNOLOGY SYSTEMS, LLC",Pending Payment,,,https://fcc.report/IBFS/SES-RWL-20260811-02200,https://fccprod.servicenowservices.com/icfs?id=ibfs_application_summary&number=SES-RWL-20260811-02200
2026-08-25,SCL-AMD-20260825-00131,2026-08-25,Submarine cable,Amendment,"Cirion Technologies Solutions, LLC",Pending Review,,,https://fcc.report/IBFS/SCL-AMD-20260825-00131,https://fccprod.servicenowservices.com/icfs?id=ibfs_application_summary&number=SCL-AMD-20260825-00131
2026-08-25,SCL-AMD-20260825-00130,2026-08-25,Submarine cable,Amendment,"Cirion Technologies Solutions, LLC",Closed,,,https://fcc.report/IBFS/SCL-AMD-20260825-00130,https://fccprod.servicenowservices.com/icfs?id=ibfs_application_summary&number=SCL-AMD-20260825-00130
2026-08-25,SCL-AMD-20260825-00129,2026-08-25,Submarine cable,Amendment,"Cirion Technologies Solutions, LLC",Pending Review,,,https://fcc.report/IBFS/SCL-AMD-20260825-00129,https://fccprod.servicenowservices.com/icfs?id=ibfs_application_summary&number=SCL-AMD-20260825-00129
2026-08-25,SCL-AMD-20260825-00128,2026-08-25,Submarine cable,Amendment,"Cirion Technologies Solutions, LLC",Pending Review,,,https://fcc.report/IBFS/SCL-AMD-20260825-00128,https://fccprod.servicenowservices.com/icfs?id=ibfs_application_summary&number=SCL-AMD-20260825-00128
2026-08-25,ITC-AMD-20260825-00256,2026-08-25,Intl. telecom,Amendment,NeuroX Global Technologies LP,Pending Review,,,https://fcc.report/IBFS/ITC-AMD-20260825-00256,https://fccprod.servicenowservices.com/icfs?id=ibfs_application_summary&number=ITC-AMD-20260825-00256
2026-08-25,ITC-AMD-20260821-00252,2026-08-21,Intl. telecom,Amendment,"Space Exploration Holdings, LLC",Closed,Starlink,,https://fcc.report/IBFS/ITC-AMD-20260821-00252,https://fccprod.servicenowservices.com/icfs?id=ibfs_application_summary&number=ITC-AMD-20260821-00252
2026-08-25,ITC-AMD-20260721-00210,2026-07-21,Intl. telecom,Amendment,"Space Exploration Holdings, LLC",Closed,Starlink,,https://fcc.report/IBFS/ITC-AMD-20260721-00210,https://fccprod.servicenowservices.com/icfs?id=ibfs_application_summary&number=ITC-AMD-20260721-00210
2026-08-25,ITC-214-20260123-00021,2026-01-23,Intl. telecom,Sec. 214,"Space Exploration Holdings, LLC",Current,Starlink,,https://fcc.report/IBFS/ITC-214-20260123-00021,https://fccprod.servicenowservices.com/icfs?id=ibfs_application_summary&number=ITC-214-20260123-00021
2026-08-24,SES-STA-20260824-02370,2026-08-24,Earth station,Special temporary authority,Intelsat License LLC,Closed,Intelsat,medium,https://fcc.report/IBFS/SES-STA-20260824-02370,https://fccprod.servicenowservices.com/icfs?id=ibfs_application_summary&number=SES-STA-20260824-02370
2026-08-24,SES-STA-20260824-02369,2026-08-24,Earth station,Special temporary authority,Intelsat License LLC,Closed,Intelsat,medium,https://fcc.report/IBFS/SES-STA-20260824-02369,https://fccprod.servicenowservices.com/icfs?id=ibfs_application_summary&number=SES-STA-20260824-02369
2026-08-24,SES-STA-20260823-02367,2026-08-23,Earth station,Special temporary authority,Kongsberg Satellite Services AS,Pending Review,KSAT,medium,https://fcc.report/IBFS/SES-STA-20260823-02367,https://fccprod.servicenowservices.com/icfs?id=ibfs_application_summary&number=SES-STA-20260823-02367
2026-08-23,SAT-STA-20260823-00346,2026-08-23,Space station,Special temporary authority,"SES Americom, Inc.",Closed,SES,,https://fcc.report/IBFS/SAT-STA-20260823-00346,https://fccprod.servicenowservices.com/icfs?id=ibfs_application_summary&number=SAT-STA-20260823-00346
2026-08-22,SES-STA-20260822-02365,2026-08-22,Earth station,Special temporary authority,"RBC Signals, LLC",Pending Review,Ground-station-as-a-service,medium,https://fcc.report/IBFS/SES-STA-20260822-02365,https://fccprod.servicenowservices.com/icfs?id=ibfs_application_summary&number=SES-STA-20260822-02365
2026-08-22,SES-STA-20260822-02364,2026-08-22,Earth station,Special temporary authority,"RBC Signals, LLC",Pending Review,Ground-station-as-a-service,medium,https://fcc.report/IBFS/SES-STA-20260822-02364,https://fccprod.servicenowservices.com/icfs?id=ibfs_application_summary&number=SES-STA-20260822-02364
2026-08-21,SES-STA-20260821-02363,2026-08-21,Earth station,Special temporary authority,Intelsat License LLC,Closed,Intelsat,medium,https://fcc.report/IBFS/SES-STA-20260821-02363,https://fccprod.servicenowservices.com/icfs?id=ibfs_application_summary&number=SES-STA-20260821-02363
2026-08-21,SES-STA-20260816-02313,2026-08-16,Earth station,Special temporary authority,"SpaceX Services, Inc.",Pending Review,Starlink,medium,https://fcc.report/IBFS/SES-STA-20260816-02313,https://fccprod.servicenowservices.com/icfs?id=ibfs_application_summary&number=SES-STA-20260816-02313
2026-08-21,SES-STA-20260815-02312,2026-08-15,Earth station,Special temporary authority,"SpaceX Services, Inc.",Pending Review,Starlink,medium,https://fcc.report/IBFS/SES-STA-20260815-02312,https://fccprod.servicenowservices.com/icfs?id=ibfs_application_summary&number=SES-STA-20260815-02312
2026-08-21,SES-STA-20260815-02311,2026-08-15,Earth station,Special temporary authority,"SpaceX Services, Inc.",Pending Review,Starlink,medium,https://fcc.report/IBFS/SES-STA-20260815-02311,https://fccprod.servicenowservices.com/icfs?id=ibfs_application_summary&number=SES-STA-20260815-02311
2026-08-21,SES-STA-20260815-02310,2026-08-15,Earth station,Special temporary authority,"SpaceX Services, Inc.",Pending Review,Starlink,medium,https://fcc.report/IBFS/SES-STA-20260815-02310,https://fccprod.servicenowservices.com/icfs?id=ibfs_application_summary&number=SES-STA-20260815-02310
2026-08-21,SES-STA-20260815-02309,2026-08-15,Earth station,Special temporary authority,"SpaceX Services, Inc.",Pending Review,Starlink,medium,https://fcc.report/IBFS/SES-STA-20260815-02309,https://fccprod.servicenowservices.com/icfs?id=ibfs_application_summary&number=SES-STA-20260815-02309
2026-08-21,SES-STA-20260815-02308,2026-08-15,Earth station,Special temporary authority,"SpaceX Services, Inc.",Pending Review,Starlink,medium,https://fcc.report/IBFS/SES-STA-20260815-02308,https://fccprod.servicenowservices.com/icfs?id=ibfs_application_summary&number=SES-STA-20260815-02308
2026-08-21,SES-STA-20260815-02307,2026-08-15,Earth station,Special temporary authority,"SpaceX Services, Inc.",Pending Review,Starlink,medium,https://fcc.report/IBFS/SES-STA-20260815-02307,https://fccprod.servicenowservices.com/icfs?id=ibfs_application_summary&number=SES-STA-20260815-02307
2026-08-21,SES-STA-20260815-02306,2026-08-15,Earth station,Special temporary authority,"SpaceX Services, Inc.",Pending Review,Starlink,medium,https://fcc.report/IBFS/SES-STA-20260815-02306,https://fccprod.servicenowservices.com/icfs?id=ibfs_application_summary&number=SES-STA-20260815-02306
2026-08-21,SES-STA-20260815-02305,2026-08-15,Earth station,Special temporary authority,"SpaceX Services, Inc.",Pending Review,Starlink,medium,https://fcc.report/IBFS/SES-STA-20260815-02305,https://fccprod.servicenowservices.com/icfs?id=ibfs_application_summary&number=SES-STA-20260815-02305
2026-08-21,SES-STA-20260815-02304,2026-08-15,Earth station,Special temporary authority,"SpaceX Services, Inc.",Pending Review,Starlink,medium,https://fcc.report/IBFS/SES-STA-20260815-02304,https://fccprod.servicenowservices.com/icfs?id=ibfs_application_summary&number=SES-STA-20260815-02304
2026-08-21,SES-STA-20260815-02303,2026-08-15,Earth station,Special temporary authority,"SpaceX Services, Inc.",Pending Review,Starlink,medium,https://fcc.report/IBFS/SES-STA-20260815-02303,https://fccprod.servicenowservices.com/icfs?id=ibfs_application_summary&number=SES-STA-20260815-02303
2026-08-21,SES-STA-20260815-02302,2026-08-15,Earth station,Special temporary authority,"SpaceX Services, Inc.",Pending Review,Starlink,medium,https://fcc.report/IBFS/SES-STA-20260815-02302,https://fccprod.servicenowservices.com/icfs?id=ibfs_application_summary&number=SES-STA-20260815-02302
2026-08-21,SES-STA-20260815-02301,2026-08-15,Earth station,Special temporary authority,"SpaceX Services, Inc.",Pending Review,Starlink,medium,https://fcc.report/IBFS/SES-STA-20260815-02301,https://fccprod.servicenowservices.com/icfs?id=ibfs_application_summary&number=SES-STA-20260815-02301
2026-08-21,SES-STA-20260815-02300,2026-08-15,Earth station,Special temporary authority,"SpaceX Services, Inc.",Pending Review,Starlink,medium,https://fcc.report/IBFS/SES-STA-20260815-02300,https://fccprod.servicenowservices.com/icfs?id=ibfs_application_summary&number=SES-STA-20260815-02300
2026-08-21,SES-STA-20260815-02299,2026-08-15,Earth station,Special temporary authority,"SpaceX Services, Inc.",Pending Review,Starlink,medium,https://fcc.report/IBFS/SES-STA-20260815-02299,https://fccprod.servicenowservices.com/icfs?id=ibfs_application_summary&number=SES-STA-20260815-02299
2026-08-21,SES-STA-20260815-02298,2026-08-15,Earth station,Special temporary authority,"SpaceX Services, Inc.",Pending Review,Starlink,medium,https://fcc.report/IBFS/SES-STA-20260815-02298,https://fccprod.servicenowservices.com/icfs?id=ibfs_application_summary&number=SES-STA-20260815-02298
2026-08-21,SES-STA-20260815-02297,2026-08-15,Earth station,Special temporary authority,"SpaceX Services, Inc.",Pending Review,Starlink,medium,https://fcc.report/IBFS/SES-STA-20260815-02297,https://fccprod.servicenowservices.com/icfs?id=ibfs_application_summary&number=SES-STA-20260815-02297
2026-08-21,SES-STA-20260813-02270,2026-08-13,Earth station,Special temporary authority,"SpaceX Services, Inc.",Pending Review,Starlink,medium,https://fcc.report/IBFS/SES-STA-20260813-02270,https://fccprod.servicenowservices.com/icfs?id=ibfs_application_summary&number=SES-STA-20260813-02270
2026-08-21,SES-STA-20260813-02269,2026-08-13,Earth station,Special temporary authority,"SpaceX Services, Inc.",Pending Review,Starlink,medium,https://fcc.report/IBFS/SES-STA-20260813-02269,https://fccprod.servicenowservices.com/icfs?id=ibfs_application_summary&number=SES-STA-20260813-02269
2026-08-21,SES-STA-20260813-02268,2026-08-13,Earth station,Special temporary authority,"SpaceX Services, Inc.",Closed,Starlink,medium,https://fcc.report/IBFS/SES-STA-20260813-02268,https://fccprod.servicenowservices.com/icfs?id=ibfs_application_summary&number=SES-STA-20260813-02268
2026-08-21,SES-STA-20260813-02267,2026-08-13,Earth station,Special temporary authority,"SpaceX Services, Inc.",Closed,Starlink,medium,https://fcc.report/IBFS/SES-STA-20260813-02267,https://fccprod.servicenowservices.com/icfs?id=ibfs_application_summary&number=SES-STA-20260813-02267
2026-08-21,SES-STA-20260813-02266,2026-08-13,Earth station,Special temporary authority,"SpaceX Services, Inc.",Pending Review,Starlink,medium,https://fcc.report/IBFS/SES-STA-20260813-02266,https://fccprod.servicenowservices.com/icfs?id=ibfs_application_summary&number=SES-STA-20260813-02266
2026-08-21,SES-STA-20260813-02265,2026-08-13,Earth station,Special temporary authority,"SpaceX Services, Inc.",Pending Review,Starlink,medium,https://fcc.report/IBFS/SES-STA-20260813-02265,https://fccprod.servicenowservices.com/icfs?id=ibfs_application_summary&number=SES-STA-20260813-02265
2026-08-21,SES-STA-20260813-02264,2026-08-13,Earth station,Special temporary authority,"SpaceX Services, Inc.",Pending Review,Starlink,medium,https://fcc.report/IBFS/SES-STA-20260813-02264,https://fccprod.servicenowservices.com/icfs?id=ibfs_application_summary&number=SES-STA-20260813-02264
2026-08-21,SES-STA-20260813-02263,2026-08-13,Earth station,Special temporary authority,"SpaceX Services, Inc.",Pending Review,Starlink,medium,https://fcc.report/IBFS/SES-STA-20260813-02263,https://fccprod.servicenowservices.com/icfs?id=ibfs_application_summary&number=SES-STA-20260813-02263
2026-08-21,SES-STA-20260813-02262,2026-08-13,Earth station,Special temporary authority,"SpaceX Services, Inc.",Pending Review,Starlink,medium,https://fcc.report/IBFS/SES-STA-20260813-02262,https://fccprod.servicenowservices.com/icfs?id=ibfs_application_summary&number=SES-STA-20260813-02262
2026-08-21,SES-STA-20260813-02261,2026-08-13,Earth station,Special temporary authority,"SpaceX Services, Inc.",Pending Review,Starlink,medium,https://fcc.report/IBFS/SES-STA-20260813-02261,https://fccprod.servicenowservices.com/icfs?id=ibfs_application_summary&number=SES-STA-20260813-02261
2026-08-21,SES-STA-20260813-02260,2026-08-13,Earth station,Special temporary authority,"SpaceX Services, Inc.",Pending Review,Starlink,medium,https://fcc.report/IBFS/SES-STA-20260813-02260,https://fccprod.servicenowservices.com/icfs?id=ibfs_application_summary&number=SES-STA-20260813-02260
2026-08-21,SES-STA-20260813-02259,2026-08-13,Earth station,Special temporary authority,"SpaceX Services, Inc.",Pending Review,Starlink,medium,https://fcc.report/IBFS/SES-STA-20260813-02259,https://fccprod.servicenowservices.com/icfs?id=ibfs_application_summary&number=SES-STA-20260813-02259
2026-08-21,SES-STA-20260813-02258,2026-08-13,Earth station,Special temporary authority,"SpaceX Services, Inc.",Pending Review,Starlink,medium,https://fcc.report/IBFS/SES-STA-20260813-02258,https://fccprod.servicenowservices.com/icfs?id=ibfs_application_summary&number=SES-STA-20260813-02258
2026-08-21,SES-STA-20260813-02257,2026-08-13,Earth station,Special temporary authority,"SpaceX Services, Inc.",Pending Review,Starlink,medium,https://fcc.report/IBFS/SES-STA-20260813-02257,https://fccprod.servicenowservices.com/icfs?id=ibfs_application_summary&number=SES-STA-20260813-02257
2026-08-21,SES-STA-20260813-02256,2026-08-13,Earth station,Special temporary authority,"SpaceX Services, Inc.",Pending Review,Starlink,medium,https://fcc.report/IBFS/SES-STA-20260813-02256,https://fccprod.servicenowservices.com/icfs?id=ibfs_application_summary&number=SES-STA-20260813-02256
2026-08-21,SES-STA-20260813-02255,2026-08-13,Earth station,Special temporary authority,"SpaceX Services, Inc.",Pending Review,Starlink,medium,https://fcc.report/IBFS/SES-STA-20260813-02255,https://fccprod.servicenowservices.com/icfs?id=ibfs_application_summary&number=SES-STA-20260813-02255
2026-08-21,SES-STA-20260813-02254,2026-08-13,Earth station,Special temporary authority,"SpaceX Services, Inc.",Pending Review,Starlink,medium,https://fcc.report/IBFS/SES-STA-20260813-02254,https://fccprod.servicenowservices.com/icfs?id=ibfs_application_summary&number=SES-STA-20260813-02254
2026-08-21,SES-STA-20260813-02253,2026-08-13,Earth station,Special temporary authority,"SpaceX Services, Inc.",Pending Review,Starlink,medium,https://fcc.report/IBFS/SES-STA-20260813-02253,https://fccprod.servicenowservices.com/icfs?id=ibfs_application_summary&number=SES-STA-20260813-02253
2026-08-21,SES-STA-20260813-02252,2026-08-13,Earth station,Special temporary authority,"SpaceX Services, Inc.",Pending Review,Starlink,medium,https://fcc.report/IBFS/SES-STA-20260813-02252,https://fccprod.servicenowservices.com/icfs?id=ibfs_application_summary&number=SES-STA-20260813-02252
2026-08-21,SES-STA-20260813-02251,2026-08-13,Earth station,Special temporary authority,"SpaceX Services, Inc.",Pending Review,Starlink,medium,https://fcc.report/IBFS/SES-STA-20260813-02251,https://fccprod.servicenowservices.com/icfs?id=ibfs_application_summary&number=SES-STA-20260813-02251
2026-08-21,SES-STA-20260813-02250,2026-08-13,Earth station,Special temporary authority,"SpaceX Services, Inc.",Pending Review,Starlink,medium,https://fcc.report/IBFS/SES-STA-20260813-02250,https://fccprod.servicenowservices.com/icfs?id=ibfs_application_summary&number=SES-STA-20260813-02250
2026-08-21,SES-STA-20260813-02249,2026-08-13,Earth station,Special temporary authority,"SpaceX Services, Inc.",Pending Review,Starlink,medium,https://fcc.report/IBFS/SES-STA-20260813-02249,https://fccprod.servicenowservices.com/icfs?id=ibfs_application_summary&number=SES-STA-20260813-02249
2026-08-21,SES-STA-20260813-02248,2026-08-13,Earth station,Special temporary authority,"SpaceX Services, Inc.",Closed,Starlink,medium,https://fcc.report/IBFS/SES-STA-20260813-02248,https://fccprod.servicenowservices.com/icfs?id=ibfs_application_summary&number=SES-STA-20260813-02248
2026-08-21,SES-STA-20260813-02247,2026-08-13,Earth station,Special temporary authority,"SpaceX Services, Inc.",Pending Review,Starlink,medium,https://fcc.report/IBFS/SES-STA-20260813-02247,https://fccprod.servicenowservices.com/icfs?id=ibfs_application_summary&number=SES-STA-20260813-02247
2026-08-21,SES-STA-20260813-02246,2026-08-13,Earth station,Special temporary authority,"SpaceX Services, Inc.",Pending Review,Starlink,medium,https://fcc.report/IBFS/SES-STA-20260813-02246,https://fccprod.servicenowservices.com/icfs?id=ibfs_application_summary&number=SES-STA-20260813-02246
2026-08-21,SES-STA-20260813-02245,2026-08-13,Earth station,Special temporary authority,"SpaceX Services, Inc.",Pending Review,Starlink,medium,https://fcc.report/IBFS/SES-STA-20260813-02245,https://fccprod.servicenowservices.com/icfs?id=ibfs_application_summary&number=SES-STA-20260813-02245
2026-08-21,SES-STA-20260813-02244,2026-08-13,Earth station,Special temporary authority,"SpaceX Services, Inc.",Pending Review,Starlink,medium,https://fcc.report/IBFS/SES-STA-20260813-02244,https://fccprod.servicenowservices.com/icfs?id=ibfs_application_summary&number=SES-STA-20260813-02244
2026-08-21,SES-STA-20260813-02243,2026-08-13,Earth station,Special temporary authority,"SpaceX Services, Inc.",Pending Review,Starlink,medium,https://fcc.report/IBFS/SES-STA-20260813-02243,https://fccprod.servicenowservices.com/icfs?id=ibfs_application_summary&number=SES-STA-20260813-02243
2026-08-21,SES-STA-20260813-02242,2026-08-13,Earth station,Special temporary authority,"SpaceX Services, Inc.",Closed,Starlink,medium,https://fcc.report/IBFS/SES-STA-20260813-02242,https://fccprod.servicenowservices.com/icfs?id=ibfs_application_summary&number=SES-STA-20260813-02242
2026-08-21,SES-STA-20260813-02241,2026-08-13,Earth station,Special temporary authority,"SpaceX Services, Inc.",Pending Review,Starlink,medium,https://fcc.report/IBFS/SES-STA-20260813-02241,https://fccprod.servicenowservices.com/icfs?id=ibfs_application_summary&number=SES-STA-20260813-02241
2026-08-21,SES-STA-20260813-02240,2026-08-13,Earth station,Special temporary authority,"SpaceX Services, Inc.",Pending Review,Starlink,medium,https://fcc.report/IBFS/SES-STA-20260813-02240,https://fccprod.servicenowservices.com/icfs?id=ibfs_application_summary&number=SES-STA-20260813-02240
2026-08-21,SES-STA-20260813-02239,2026-08-13,Earth station,Special temporary authority,"SpaceX Services, Inc.",Pending Review,Starlink,medium,https://fcc.report/IBFS/SES-STA-20260813-02239,https://fccprod.servicenowservices.com/icfs?id=ibfs_application_summary&number=SES-STA-20260813-02239
2026-08-21,SES-STA-20260813-02238,2026-08-13,Earth station,Special temporary authority,"SpaceX Services, Inc.",Pending Review,Starlink,medium,https://fcc.report/IBFS/SES-STA-20260813-02238,https://fccprod.servicenowservices.com/icfs?id=ibfs_application_summary&number=SES-STA-20260813-02238
2026-08-21,SCL-STA-20260820-00123,2026-08-20,Submarine cable,Special temporary authority,"Edge Cable Holdings USA, LLC",Pending Review,,,https://fcc.report/IBFS/SCL-STA-20260820-00123,https://fccprod.servicenowservices.com/icfs?id=ibfs_application_summary&number=SCL-STA-20260820-00123
2026-08-21,ITC-T/C-20260808-00233,2026-08-08,Intl. telecom,Transfer of control,"Mobile X Global, Inc.",Pending Review,,,https://fcc.report/IBFS/ITC-T/C-20260808-00233,https://fccprod.servicenowservices.com/icfs?id=ibfs_application_summary&number=ITC-T/C-20260808-00233
2026-08-21,ITC-214-20260821-00253,2026-08-21,Intl. telecom,Sec. 214,Rahh tech solutions LLC,Pending Review,,,https://fcc.report/IBFS/ITC-214-20260821-00253,https://fccprod.servicenowservices.com/icfs?id=ibfs_application_summary&number=ITC-214-20260821-00253
2026-08-20,SPC-MOD-20260820-00010,2026-08-20,Space (other),Modification,"Telnyx, LLC",Pending Payment,,,https://fcc.report/IBFS/SPC-MOD-20260820-00010,https://fccprod.servicenowservices.com/icfs?id=ibfs_application_summary&number=SPC-MOD-20260820-00010
2026-08-20,SES-STA-20260819-02356,2026-08-19,Earth station,Special temporary authority,"DIRECTV Enterprises, LLC",Closed,DIRECTV,medium,https://fcc.report/IBFS/SES-STA-20260819-02356,https://fccprod.servicenowservices.com/icfs?id=ibfs_application_summary&number=SES-STA-20260819-02356
2026-08-20,SES-STA-20260819-02355,2026-08-19,Earth station,Special temporary authority,"DIRECTV Enterprises, LLC",Closed,DIRECTV,medium,https://fcc.report/IBFS/SES-STA-20260819-02355,https://fccprod.servicenowservices.com/icfs?id=ibfs_application_summary&number=SES-STA-20260819-02355
2026-08-20,SES-STA-20260819-02354,2026-08-19,Earth station,Special temporary authority,"DIRECTV Enterprises, LLC",Closed,DIRECTV,medium,https://fcc.report/IBFS/SES-STA-20260819-02354,https://fccprod.servicenowservices.com/icfs?id=ibfs_application_summary&number=SES-STA-20260819-02354
2026-08-20,SAT-STA-20260819-00343,2026-08-19,Space station,Special temporary authority,"DIRECTV Enterprises, LLC",Closed,DIRECTV,,https://fcc.report/IBFS/SAT-STA-20260819-00343,https://fccprod.servicenowservices.com/icfs?id=ibfs_application_summary&number=SAT-STA-20260819-00343
2026-08-19,SES-STA-20260817-02323,2026-08-17,Earth station,Special temporary authority,"Viasat, Inc.",Pending Review,Viasat/Inmarsat,medium,https://fcc.report/IBFS/SES-STA-20260817-02323,https://fccprod.servicenowservices.com/icfs?id=ibfs_application_summary&number=SES-STA-20260817-02323
2026-08-19,SES-STA-20260817-02322,2026-08-17,Earth station,Special temporary authority,"Viasat, Inc.",Pending Review,Viasat/Inmarsat,medium,https://fcc.report/IBFS/SES-STA-20260817-02322,https://fccprod.servicenowservices.com/icfs?id=ibfs_application_summary&number=SES-STA-20260817-02322
2026-08-19,SES-STA-20260817-02321,2026-08-17,Earth station,Special temporary authority,"Viasat, Inc.",Pending Review,Viasat/Inmarsat,medium,https://fcc.report/IBFS/SES-STA-20260817-02321,https://fccprod.servicenowservices.com/icfs?id=ibfs_application_summary&number=SES-STA-20260817-02321
2026-08-19,SES-STA-20260817-02320,2026-08-17,Earth station,Special temporary authority,"Viasat, Inc.",Pending Review,Viasat/Inmarsat,medium,https://fcc.report/IBFS/SES-STA-20260817-02320,https://fccprod.servicenowservices.com/icfs?id=ibfs_application_summary&number=SES-STA-20260817-02320
2026-08-19,SES-STA-20260817-02319,2026-08-17,Earth station,Special temporary authority,"Viasat, Inc.",Pending Review,Viasat/Inmarsat,medium,https://fcc.report/IBFS/SES-STA-20260817-02319,https://fccprod.servicenowservices.com/icfs?id=ibfs_application_summary&number=SES-STA-20260817-02319
2026-08-19,SES-STA-20260817-02318,2026-08-17,Earth station,Special temporary authority,"Viasat, Inc.",Pending Review,Viasat/Inmarsat,medium,https://fcc.report/IBFS/SES-STA-20260817-02318,https://fccprod.servicenowservices.com/icfs?id=ibfs_application_summary&number=SES-STA-20260817-02318
2026-08-19,SES-STA-20260817-02317,2026-08-17,Earth station,Special temporary authority,"Viasat, Inc.",Pending Review,Viasat/Inmarsat,medium,https://fcc.report/IBFS/SES-STA-20260817-02317,https://fccprod.servicenowservices.com/icfs?id=ibfs_application_summary&number=SES-STA-20260817-02317
2026-08-19,SES-STA-20260817-02316,2026-08-17,Earth station,Special temporary authority,"Viasat, Inc.",Pending Review,Viasat/Inmarsat,medium,https://fcc.report/IBFS/SES-STA-20260817-02316,https://fccprod.servicenowservices.com/icfs?id=ibfs_application_summary&number=SES-STA-20260817-02316
2026-08-19,SES-STA-20260817-02315,2026-08-17,Earth station,Special temporary authority,"Viasat, Inc.",Pending Review,Viasat/Inmarsat,medium,https://fcc.report/IBFS/SES-STA-20260817-02315,https://fccprod.servicenowservices.com/icfs?id=ibfs_application_summary&number=SES-STA-20260817-02315
2026-08-19,SES-STA-20260817-02314,2026-08-17,Earth station,Special temporary authority,"Viasat, Inc.",Pending Review,Viasat/Inmarsat,medium,https://fcc.report/IBFS/SES-STA-20260817-02314,https://fccprod.servicenowservices.com/icfs?id=ibfs_application_summary&number=SES-STA-20260817-02314
2026-08-19,SES-STA-20260814-02296,2026-08-14,Earth station,Special temporary authority,"Viasat, Inc.",Pending Review,Viasat/Inmarsat,medium,https://fcc.report/IBFS/SES-STA-20260814-02296,https://fccprod.servicenowservices.com/icfs?id=ibfs_application_summary&number=SES-STA-20260814-02296
2026-08-19,SES-STA-20260814-02294,2026-08-14,Earth station,Special temporary authority,"Viasat, Inc.",Pending Review,Viasat/Inmarsat,medium,https://fcc.report/IBFS/SES-STA-20260814-02294,https://fccprod.servicenowservices.com/icfs?id=ibfs_application_summary&number=SES-STA-20260814-02294
2026-08-19,SES-STA-20260814-02293,2026-08-14,Earth station,Special temporary authority,"Viasat, Inc.",Pending Review,Viasat/Inmarsat,medium,https://fcc.report/IBFS/SES-STA-20260814-02293,https://fccprod.servicenowservices.com/icfs?id=ibfs_application_summary&number=SES-STA-20260814-02293
2026-08-19,SES-STA-20260814-02291,2026-08-14,Earth station,Special temporary authority,"Viasat, Inc.",Pending Review,Viasat/Inmarsat,medium,https://fcc.report/IBFS/SES-STA-20260814-02291,https://fccprod.servicenowservices.com/icfs?id=ibfs_application_summary&number=SES-STA-20260814-02291
2026-08-19,SES-STA-20260814-02290,2026-08-14,Earth station,Special temporary authority,"Viasat, Inc.",Pending Review,Viasat/Inmarsat,medium,https://fcc.report/IBFS/SES-STA-20260814-02290,https://fccprod.servicenowservices.com/icfs?id=ibfs_application_summary&number=SES-STA-20260814-02290
2026-08-19,SES-STA-20260814-02289,2026-08-14,Earth station,Special temporary authority,"Viasat, Inc.",Pending Review,Viasat/Inmarsat,medium,https://fcc.report/IBFS/SES-STA-20260814-02289,https://fccprod.servicenowservices.com/icfs?id=ibfs_application_summary&number=SES-STA-20260814-02289
2026-08-19,SES-STA-20260814-02288,2026-08-14,Earth station,Special temporary authority,"Viasat, Inc.",Pending Review,Viasat/Inmarsat,medium,https://fcc.report/IBFS/SES-STA-20260814-02288,https://fccprod.servicenowservices.com/icfs?id=ibfs_application_summary&number=SES-STA-20260814-02288
2026-08-19,SES-STA-20260814-02287,2026-08-14,Earth station,Special temporary authority,"Viasat, Inc.",Pending Review,Viasat/Inmarsat,medium,https://fcc.report/IBFS/SES-STA-20260814-02287,https://fccprod.servicenowservices.com/icfs?id=ibfs_application_summary&number=SES-STA-20260814-02287
2026-08-19,SES-STA-20260814-02286,2026-08-14,Earth station,Special temporary authority,"Viasat, Inc.",Pending Review,Viasat/Inmarsat,medium,https://fcc.report/IBFS/SES-STA-20260814-02286,https://fccprod.servicenowservices.com/icfs?id=ibfs_application_summary&number=SES-STA-20260814-02286
2026-08-19,SES-STA-20260814-02285,2026-08-14,Earth station,Special temporary authority,"Viasat, Inc.",Pending Review,Viasat/Inmarsat,medium,https://fcc.report/IBFS/SES-STA-20260814-02285,https://fccprod.servicenowservices.com/icfs?id=ibfs_application_summary&number=SES-STA-20260814-02285
2026-08-19,SES-STA-20260814-02284,2026-08-14,Earth station,Special temporary authority,"Viasat, Inc.",Pending Review,Viasat/Inmarsat,medium,https://fcc.report/IBFS/SES-STA-20260814-02284,https://fccprod.servicenowservices.com/icfs?id=ibfs_application_summary&number=SES-STA-20260814-02284
2026-08-19,SES-STA-20260814-02283,2026-08-14,Earth station,Special temporary authority,"Viasat, Inc.",Pending Review,Viasat/Inmarsat,medium,https://fcc.report/IBFS/SES-STA-20260814-02283,https://fccprod.servicenowservices.com/icfs?id=ibfs_application_summary&number=SES-STA-20260814-02283
2026-08-19,SES-STA-20260814-02282,2026-08-14,Earth station,Special temporary authority,"Viasat, Inc.",Pending Review,Viasat/Inmarsat,medium,https://fcc.report/IBFS/SES-STA-20260814-02282,https://fccprod.servicenowservices.com/icfs?id=ibfs_application_summary&number=SES-STA-20260814-02282
2026-08-19,SES-STA-20260814-02281,2026-08-14,Earth station,Special temporary authority,"Viasat, Inc.",Pending Review,Viasat/Inmarsat,medium,https://fcc.report/IBFS/SES-STA-20260814-02281,https://fccprod.servicenowservices.com/icfs?id=ibfs_application_summary&number=SES-STA-20260814-02281
2026-08-19,SES-STA-20260814-02280,2026-08-14,Earth station,Special temporary authority,"Viasat, Inc.",Pending Review,Viasat/Inmarsat,medium,https://fcc.report/IBFS/SES-STA-20260814-02280,https://fccprod.servicenowservices.com/icfs?id=ibfs_application_summary&number=SES-STA-20260814-02280
2026-08-19,SES-STA-20260814-02279,2026-08-14,Earth station,Special temporary authority,"Viasat, Inc.",Pending Review,Viasat/Inmarsat,medium,https://fcc.report/IBFS/SES-STA-20260814-02279,https://fccprod.servicenowservices.com/icfs?id=ibfs_application_summary&number=SES-STA-20260814-02279
2026-08-19,SES-STA-20260814-02278,2026-08-14,Earth station,Special temporary authority,"Viasat, Inc.",Pending Review,Viasat/Inmarsat,medium,https://fcc.report/IBFS/SES-STA-20260814-02278,https://fccprod.servicenowservices.com/icfs?id=ibfs_application_summary&number=SES-STA-20260814-02278
2026-08-19,SES-STA-20260814-02277,2026-08-14,Earth station,Special temporary authority,"Viasat, Inc.",Pending Review,Viasat/Inmarsat,medium,https://fcc.report/IBFS/SES-STA-20260814-02277,https://fccprod.servicenowservices.com/icfs?id=ibfs_application_summary&number=SES-STA-20260814-02277
2026-08-19,SES-ASG-20260819-02353,2026-08-19,Earth station,Assignment,JKC Media LLC,Closed,,,https://fcc.report/IBFS/SES-ASG-20260819-02353,https://fccprod.servicenowservices.com/icfs?id=ibfs_application_summary&number=SES-ASG-20260819-02353
2026-08-19,SCL-RPT-20260819-00117,2026-08-19,Submarine cable,Report,Pacific Carriage Limited Inc.,Closed,,,https://fcc.report/IBFS/SCL-RPT-20260819-00117,https://fccprod.servicenowservices.com/icfs?id=ibfs_application_summary&number=SCL-RPT-20260819-00117
2026-08-19,SAT-MOD-20260819-00342,2026-08-19,Space station,Modification,Intelsat License LLC,Pending Review,Intelsat,,https://fcc.report/IBFS/SAT-MOD-20260819-00342,https://fccprod.servicenowservices.com/icfs?id=ibfs_application_summary&number=SAT-MOD-20260819-00342
2026-08-18,SES-STA-20260818-02350,2026-08-18,Earth station,Special temporary authority,Heighliner Corp,Pending Review,,,https://fcc.report/IBFS/SES-STA-20260818-02350,https://fccprod.servicenowservices.com/icfs?id=ibfs_application_summary&number=SES-STA-20260818-02350
2026-08-18,SES-STA-20260818-02349,2026-08-18,Earth station,Special temporary authority,"SpaceX Services, Inc.",Pending Review,Starlink,medium,https://fcc.report/IBFS/SES-STA-20260818-02349,https://fccprod.servicenowservices.com/icfs?id=ibfs_application_summary&number=SES-STA-20260818-02349
2026-08-18,SES-STA-20260818-02348,2026-08-18,Earth station,Special temporary authority,"SpaceX Services, Inc.",Pending Review,Starlink,medium,https://fcc.report/IBFS/SES-STA-20260818-02348,https://fccprod.servicenowservices.com/icfs?id=ibfs_application_summary&number=SES-STA-20260818-02348
2026-08-18,SES-STA-20260818-02347,2026-08-18,Earth station,Special temporary authority,"SpaceX Services, Inc.",Closed,Starlink,medium,https://fcc.report/IBFS/SES-STA-20260818-02347,https://fccprod.servicenowservices.com/icfs?id=ibfs_application_summary&number=SES-STA-20260818-02347
2026-08-18,SES-STA-20260818-02346,2026-08-18,Earth station,Special temporary authority,"SpaceX Services, Inc.",Pending Review,Starlink,medium,https://fcc.report/IBFS/SES-STA-20260818-02346,https://fccprod.servicenowservices.com/icfs?id=ibfs_application_summary&number=SES-STA-20260818-02346
2026-08-18,SES-STA-20260818-02345,2026-08-18,Earth station,Special temporary authority,"SpaceX Services, Inc.",Pending Review,Starlink,medium,https://fcc.report/IBFS/SES-STA-20260818-02345,https://fccprod.servicenowservices.com/icfs?id=ibfs_application_summary&number=SES-STA-20260818-02345
2026-08-18,SES-STA-20260818-02344,2026-08-18,Earth station,Special temporary authority,"SpaceX Services, Inc.",Pending Review,Starlink,medium,https://fcc.report/IBFS/SES-STA-20260818-02344,https://fccprod.servicenowservices.com/icfs?id=ibfs_application_summary&number=SES-STA-20260818-02344
2026-08-18,SES-STA-20260818-02343,2026-08-18,Earth station,Special temporary authority,"SpaceX Services, Inc.",Pending Review,Starlink,medium,https://fcc.report/IBFS/SES-STA-20260818-02343,https://fccprod.servicenowservices.com/icfs?id=ibfs_application_summary&number=SES-STA-20260818-02343
2026-08-18,SES-STA-20260818-02342,2026-08-18,Earth station,Special temporary authority,"SpaceX Services, Inc.",Pending Review,Starlink,medium,https://fcc.report/IBFS/SES-STA-20260818-02342,https://fccprod.servicenowservices.com/icfs?id=ibfs_application_summary&number=SES-STA-20260818-02342
2026-08-18,SES-STA-20260818-02341,2026-08-18,Earth station,Special temporary authority,Kongsberg Satellite Services AS,Pending Review,KSAT,medium,https://fcc.report/IBFS/SES-STA-20260818-02341,https://fccprod.servicenowservices.com/icfs?id=ibfs_application_summary&number=SES-STA-20260818-02341
2026-08-18,SES-STA-20260818-02340,2026-08-18,Earth station,Special temporary authority,Intelsat License LLC,Pending Review,Intelsat,medium,https://fcc.report/IBFS/SES-STA-20260818-02340,https://fccprod.servicenowservices.com/icfs?id=ibfs_application_summary&number=SES-STA-20260818-02340
2026-08-18,SES-STA-20260818-02339,2026-08-18,Earth station,Special temporary authority,Intelsat License LLC,Pending Review,Intelsat,medium,https://fcc.report/IBFS/SES-STA-20260818-02339,https://fccprod.servicenowservices.com/icfs?id=ibfs_application_summary&number=SES-STA-20260818-02339
2026-08-18,SES-MOD-20260814-02271,2026-08-14,Earth station,Modification,Intelsat License LLC,Pending Review,Intelsat,medium,https://fcc.report/IBFS/SES-MOD-20260814-02271,https://fccprod.servicenowservices.com/icfs?id=ibfs_application_summary&number=SES-MOD-20260814-02271
2026-08-18,SES-LIC-20260818-02338,2026-08-18,Earth station,New license,"SpaceX Services, Inc.",Pending Review,Starlink,high,https://fcc.report/IBFS/SES-LIC-20260818-02338,https://fccprod.servicenowservices.com/icfs?id=ibfs_application_summary&number=SES-LIC-20260818-02338
2026-08-18,SES-LIC-20260818-02337,2026-08-18,Earth station,New license,"SpaceX Services, Inc.",Pending Review,Starlink,high,https://fcc.report/IBFS/SES-LIC-20260818-02337,https://fccprod.servicenowservices.com/icfs?id=ibfs_application_summary&number=SES-LIC-20260818-02337
2026-08-18,SES-LIC-20260818-02336,2026-08-18,Earth station,New license,"SpaceX Services, Inc.",Pending Review,Starlink,high,https://fcc.report/IBFS/SES-LIC-20260818-02336,https://fccprod.servicenowservices.com/icfs?id=ibfs_application_summary&number=SES-LIC-20260818-02336
2026-08-18,SES-LIC-20260818-02335,2026-08-18,Earth station,New license,"SpaceX Services, Inc.",Pending Review,Starlink,high,https://fcc.report/IBFS/SES-LIC-20260818-02335,https://fccprod.servicenowservices.com/icfs?id=ibfs_application_summary&number=SES-LIC-20260818-02335
2026-08-18,SES-LIC-20260818-02334,2026-08-18,Earth station,New license,"SpaceX Services, Inc.",Pending Review,Starlink,high,https://fcc.report/IBFS/SES-LIC-20260818-02334,https://fccprod.servicenowservices.com/icfs?id=ibfs_application_summary&number=SES-LIC-20260818-02334
2026-08-18,SES-LIC-20260818-02333,2026-08-18,Earth station,New license,"SpaceX Services, Inc.",Pending Review,Starlink,high,https://fcc.report/IBFS/SES-LIC-20260818-02333,https://fccprod.servicenowservices.com/icfs?id=ibfs_application_summary&number=SES-LIC-20260818-02333
2026-08-18,SES-LIC-20260818-02332,2026-08-18,Earth station,New license,"SpaceX Services, Inc.",Pending Review,Starlink,high,https://fcc.report/IBFS/SES-LIC-20260818-02332,https://fccprod.servicenowservices.com/icfs?id=ibfs_application_summary&number=SES-LIC-20260818-02332
2026-08-18,SES-LIC-20260817-02329,2026-08-17,Earth station,New license,"SpaceX Services, Inc.",Closed,Starlink,high,https://fcc.report/IBFS/SES-LIC-20260817-02329,https://fccprod.servicenowservices.com/icfs?id=ibfs_application_summary&number=SES-LIC-20260817-02329
2026-08-18,ITC-AMD-20260818-00249,2026-08-18,Intl. telecom,Amendment,SkyTel Corporation,Pending Review,,,https://fcc.report/IBFS/ITC-AMD-20260818-00249,https://fccprod.servicenowservices.com/icfs?id=ibfs_application_summary&number=ITC-AMD-20260818-00249
2026-08-17,SES-STA-20260817-02330,2026-08-17,Earth station,Special temporary authority,Kuiper Systems LLC,Closed,Kuiper,medium,https://fcc.report/IBFS/SES-STA-20260817-02330,https://fccprod.servicenowservices.com/icfs?id=ibfs_application_summary&number=SES-STA-20260817-02330
2026-08-17,SES-AMD-20260817-02324,2026-08-17,Earth station,Amendment,Alpha Media Licensee LLC,Pending Payment,,,https://fcc.report/IBFS/SES-AMD-20260817-02324,https://fccprod.servicenowservices.com/icfs?id=ibfs_application_summary&number=SES-AMD-20260817-02324
2026-08-17,SCL-LIC-20260730-00104,2026-07-30,Submarine cable,New license,"Edge Cable Holdings USA, LLC",Pending Review,,,https://fcc.report/IBFS/SCL-LIC-20260730-00104,https://fccprod.servicenowservices.com/icfs?id=ibfs_application_summary&number=SCL-LIC-20260730-00104
2026-08-17,ITC-T/C-20260813-00243,2026-08-13,Intl. telecom,Transfer of control,Hooper Telephone Company,Pending Payment,,,https://fcc.report/IBFS/ITC-T/C-20260813-00243,https://fccprod.servicenowservices.com/icfs?id=ibfs_application_summary&number=ITC-T/C-20260813-00243
2026-08-17,ITC-ASG-20260813-00244,2026-08-13,Intl. telecom,Assignment,"HTC Comm., Inc.",Pending Payment,,,https://fcc.report/IBFS/ITC-ASG-20260813-00244,https://fccprod.servicenowservices.com/icfs?id=ibfs_application_summary&number=ITC-ASG-20260813-00244
2026-08-17,ITC-AMD-20260817-00246,2026-08-17,Intl. telecom,Amendment,S Mobile Wireless LLC,Closed,,,https://fcc.report/IBFS/ITC-AMD-20260817-00246,https://fccprod.servicenowservices.com/icfs?id=ibfs_application_summary&number=ITC-AMD-20260817-00246
2026-08-17,ITC-AMD-20260726-00217,2026-07-26,Intl. telecom,Amendment,S Mobile Wireless LLC,Closed,,,https://fcc.report/IBFS/ITC-AMD-20260726-00217,https://fccprod.servicenowservices.com/icfs?id=ibfs_application_summary&number=ITC-AMD-20260726-00217
2026-08-17,ITC-AMD-20260722-00211,2026-07-22,Intl. telecom,Amendment,S Mobile Wireless LLC,Closed,,,https://fcc.report/IBFS/ITC-AMD-20260722-00211,https://fccprod.servicenowservices.com/icfs?id=ibfs_application_summary&number=ITC-AMD-20260722-00211
2026-08-17,ITC-214-20260303-00061,2026-03-03,Intl. telecom,Sec. 214,S Mobile Wireless LLC,Current,,,https://fcc.report/IBFS/ITC-214-20260303-00061,https://fccprod.servicenowservices.com/icfs?id=ibfs_application_summary&number=ITC-214-20260303-00061
2026-08-15,ITC-AMD-20260815-00245,2026-08-15,Intl. telecom,Amendment,3 Billionaires Corporation,Pending Review,,,https://fcc.report/IBFS/ITC-AMD-20260815-00245,https://fccprod.servicenowservices.com/icfs?id=ibfs_application_summary&number=ITC-AMD-20260815-00245
2026-08-14,SES-STA-20260814-02276,2026-08-14,Earth station,Special temporary authority,"SpaceX Services, Inc.",Pending Review,Starlink,medium,https://fcc.report/IBFS/SES-STA-20260814-02276,https://fccprod.servicenowservices.com/icfs?id=ibfs_application_summary&number=SES-STA-20260814-02276
2026-08-14,SES-STA-20260814-02274,2026-08-14,Earth station,Special temporary authority,Intelsat License LLC,Pending Review,Intelsat,medium,https://fcc.report/IBFS/SES-STA-20260814-02274,https://fccprod.servicenowservices.com/icfs?id=ibfs_application_summary&number=SES-STA-20260814-02274
2026-08-14,SES-STA-20260814-02273,2026-08-14,Earth station,Special temporary authority,Intelsat License LLC,Pending Review,Intelsat,medium,https://fcc.report/IBFS/SES-STA-20260814-02273,https://fccprod.servicenowservices.com/icfs?id=ibfs_application_summary&number=SES-STA-20260814-02273
2026-08-14,SES-LIC-20260814-02275,2026-08-14,Earth station,New license,"SpaceX Services, Inc.",Pending Review,Starlink,high,https://fcc.report/IBFS/SES-LIC-20260814-02275,https://fccprod.servicenowservices.com/icfs?id=ibfs_application_summary&number=SES-LIC-20260814-02275
2026-08-14,SES-AMD-20260813-02234,2026-08-13,Earth station,Amendment,Heighliner Corp,Pending Review,,,https://fcc.report/IBFS/SES-AMD-20260813-02234,https://fccprod.servicenowservices.com/icfs?id=ibfs_application_summary&number=SES-AMD-20260813-02234
2026-08-14,SAT-MOD-20260814-00339,2026-08-14,Space station,Modification,Astranis Projects USA LLC,Pending Review,Astranis,,https://fcc.report/IBFS/SAT-MOD-20260814-00339,https://fccprod.servicenowservices.com/icfs?id=ibfs_application_summary&number=SAT-MOD-20260814-00339
2026-08-14,SAT-MOD-20260814-00338,2026-08-14,Space station,Modification,"SES Americom, Inc.",Pending Review,SES,,https://fcc.report/IBFS/SAT-MOD-20260814-00338,https://fccprod.servicenowservices.com/icfs?id=ibfs_application_summary&number=SAT-MOD-20260814-00338
2026-08-14,SAT-MOD-20260814-00337,2026-08-14,Space station,Modification,Astranis Projects USA LLC,Closed,Astranis,,https://fcc.report/IBFS/SAT-MOD-20260814-00337,https://fccprod.servicenowservices.com/icfs?id=ibfs_application_summary&number=SAT-MOD-20260814-00337
2026-08-13,SES-STA-20260813-02237,2026-08-13,Earth station,Special temporary authority,Intelsat License LLC,Pending Review,Intelsat,medium,https://fcc.report/IBFS/SES-STA-20260813-02237,https://fccprod.servicenowservices.com/icfs?id=ibfs_application_summary&number=SES-STA-20260813-02237
2026-08-13,SES-STA-20260813-02236,2026-08-13,Earth station,Special temporary authority,Intelsat License LLC,Pending Review,Intelsat,medium,https://fcc.report/IBFS/SES-STA-20260813-02236,https://fccprod.servicenowservices.com/icfs?id=ibfs_application_summary&number=SES-STA-20260813-02236
2026-08-13,SES-STA-20260813-02235,2026-08-13,Earth station,Special temporary authority,Maris Developments,Closed,,,https://fcc.report/IBFS/SES-STA-20260813-02235,https://fccprod.servicenowservices.com/icfs?id=ibfs_application_summary&number=SES-STA-20260813-02235
2026-08-13,SES-STA-20260813-02230,2026-08-13,Earth station,Special temporary authority,"ATLAS Space Operations, Inc",Pending Review,Ground-station-as-a-service,medium,https://fcc.report/IBFS/SES-STA-20260813-02230,https://fccprod.servicenowservices.com/icfs?id=ibfs_application_summary&number=SES-STA-20260813-02230
2026-08-13,SES-STA-20260813-02228,2026-08-13,Earth station,Special temporary authority,"ATLAS Space Operations, Inc",Closed,Ground-station-as-a-service,medium,https://fcc.report/IBFS/SES-STA-20260813-02228,https://fccprod.servicenowservices.com/icfs?id=ibfs_application_summary&number=SES-STA-20260813-02228
2026-08-13,SES-STA-20260812-02225,2026-08-12,Earth station,Special temporary authority,"Viasat, Inc.",Pending Review,Viasat/Inmarsat,medium,https://fcc.report/IBFS/SES-STA-20260812-02225,https://fccprod.servicenowservices.com/icfs?id=ibfs_application_summary&number=SES-STA-20260812-02225
2026-08-13,SES-STA-20260812-02224,2026-08-12,Earth station,Special temporary authority,"Viasat, Inc.",Pending Review,Viasat/Inmarsat,medium,https://fcc.report/IBFS/SES-STA-20260812-02224,https://fccprod.servicenowservices.com/icfs?id=ibfs_application_summary&number=SES-STA-20260812-02224
2026-08-13,SES-STA-20260812-02223,2026-08-12,Earth station,Special temporary authority,"Viasat, Inc.",Pending Review,Viasat/Inmarsat,medium,https://fcc.report/IBFS/SES-STA-20260812-02223,https://fccprod.servicenowservices.com/icfs?id=ibfs_application_summary&number=SES-STA-20260812-02223
2026-08-13,SES-STA-20260812-02222,2026-08-12,Earth station,Special temporary authority,"Viasat, Inc.",Pending Review,Viasat/Inmarsat,medium,https://fcc.report/IBFS/SES-STA-20260812-02222,https://fccprod.servicenowservices.com/icfs?id=ibfs_application_summary&number=SES-STA-20260812-02222
2026-08-13,SES-STA-20260812-02220,2026-08-12,Earth station,Special temporary authority,"Viasat, Inc.",Pending Review,Viasat/Inmarsat,medium,https://fcc.report/IBFS/SES-STA-20260812-02220,https://fccprod.servicenowservices.com/icfs?id=ibfs_application_summary&number=SES-STA-20260812-02220
2026-08-13,SES-STA-20260812-02218,2026-08-12,Earth station,Special temporary authority,"Viasat, Inc.",Pending Review,Viasat/Inmarsat,medium,https://fcc.report/IBFS/SES-STA-20260812-02218,https://fccprod.servicenowservices.com/icfs?id=ibfs_application_summary&number=SES-STA-20260812-02218
2026-08-13,SES-STA-20260812-02216,2026-08-12,Earth station,Special temporary authority,"Viasat, Inc.",Pending Review,Viasat/Inmarsat,medium,https://fcc.report/IBFS/SES-STA-20260812-02216,https://fccprod.servicenowservices.com/icfs?id=ibfs_application_summary&number=SES-STA-20260812-02216
2026-08-13,SES-STA-20260812-02215,2026-08-12,Earth station,Special temporary authority,"Viasat, Inc.",Pending Review,Viasat/Inmarsat,medium,https://fcc.report/IBFS/SES-STA-20260812-02215,https://fccprod.servicenowservices.com/icfs?id=ibfs_application_summary&number=SES-STA-20260812-02215
2026-08-13,SAT-MOD-20260813-00336,2026-08-13,Space station,Modification,Intelsat License LLC,Pending Review,Intelsat,,https://fcc.report/IBFS/SAT-MOD-20260813-00336,https://fccprod.servicenowservices.com/icfs?id=ibfs_application_summary&number=SAT-MOD-20260813-00336
2026-08-13,SAT-LOA-20260806-00329,2026-08-06,Space station,Letter of intent (non-US sat),Oligo Space,Pending Review,,,https://fcc.report/IBFS/SAT-LOA-20260806-00329,https://fccprod.servicenowservices.com/icfs?id=ibfs_application_summary&number=SAT-LOA-20260806-00329
2026-08-12,SES-STA-20260805-02171,2026-08-05,Earth station,Special temporary authority,Globalstar Licensee LLC,Pending Review,Globalstar,medium,https://fcc.report/IBFS/SES-STA-20260805-02171,https://fccprod.servicenowservices.com/icfs?id=ibfs_application_summary&number=SES-STA-20260805-02171
2026-08-12,SES-STA-20260805-02170,2026-08-05,Earth station,Special temporary authority,Globalstar Licensee LLC,Pending Review,Globalstar,medium,https://fcc.report/IBFS/SES-STA-20260805-02170,https://fccprod.servicenowservices.com/icfs?id=ibfs_application_summary&number=SES-STA-20260805-02170
2026-08-12,SES-STA-20260805-02168,2026-08-05,Earth station,Special temporary authority,Globalstar Licensee LLC,Pending Review,Globalstar,medium,https://fcc.report/IBFS/SES-STA-20260805-02168,https://fccprod.servicenowservices.com/icfs?id=ibfs_application_summary&number=SES-STA-20260805-02168
2026-08-12,SES-STA-20260805-02167,2026-08-05,Earth station,Special temporary authority,Globalstar Licensee LLC,Pending Review,Globalstar,medium,https://fcc.report/IBFS/SES-STA-20260805-02167,https://fccprod.servicenowservices.com/icfs?id=ibfs_application_summary&number=SES-STA-20260805-02167
2026-08-12,SES-MOD-20260805-02174,2026-08-05,Earth station,Modification,Planet Labs PBC,Pending Review,Planet,medium,https://fcc.report/IBFS/SES-MOD-20260805-02174,https://fccprod.servicenowservices.com/icfs?id=ibfs_application_summary&number=SES-MOD-20260805-02174
2026-08-12,SES-MOD-20260805-02173,2026-08-05,Earth station,Modification,Planet Labs PBC,Pending Review,Planet,medium,https://fcc.report/IBFS/SES-MOD-20260805-02173,https://fccprod.servicenowservices.com/icfs?id=ibfs_application_summary&number=SES-MOD-20260805-02173
2026-08-12,SES-ASG-20260811-02202,2026-08-11,Earth station,Assignment,"HNS License Sub, LLC",Pending Consummation,Hughes,medium,https://fcc.report/IBFS/SES-ASG-20260811-02202,https://fccprod.servicenowservices.com/icfs?id=ibfs_application_summary&number=SES-ASG-20260811-02202
2026-08-12,SAT-ASG-20260812-00334,2026-08-12,Space station,Assignment,"Hughes Network Systems, LLC",Pending Consummation,Hughes,,https://fcc.report/IBFS/SAT-ASG-20260812-00334,https://fccprod.servicenowservices.com/icfs?id=ibfs_application_summary&number=SAT-ASG-20260812-00334
2026-08-11,SES-STA-20260811-02203,2026-08-11,Earth station,Special temporary authority,"ATLAS Space Operations, Inc",Pending Review,Ground-station-as-a-service,medium,https://fcc.report/IBFS/SES-STA-20260811-02203,https://fccprod.servicenowservices.com/icfs?id=ibfs_application_summary&number=SES-STA-20260811-02203
2026-08-11,SES-LIC-20260811-02201,2026-08-11,Earth station,New license,"Quecon, Inc.",Pending Review,,,https://fcc.report/IBFS/SES-LIC-20260811-02201,https://fccprod.servicenowservices.com/icfs?id=ibfs_application_summary&number=SES-LIC-20260811-02201
2026-08-11,SES-LIC-20260811-02199,2026-08-11,Earth station,New license,"Quecon, Inc.",Pending Review,,,https://fcc.report/IBFS/SES-LIC-20260811-02199,https://fccprod.servicenowservices.com/icfs?id=ibfs_application_summary&number=SES-LIC-20260811-02199
2026-08-10,SES-T/C-20260720-02056,2026-07-20,Earth station,Transfer of control,Iridium Carrier Services LLC,Pending Review,Iridium,medium,https://fcc.report/IBFS/SES-T/C-20260720-02056,https://fccprod.servicenowservices.com/icfs?id=ibfs_application_summary&number=SES-T/C-20260720-02056
2026-08-10,SES-T/C-20260718-02053,2026-07-18,Earth station,Transfer of control,Iridium Constellation LLC,Pending Review,Iridium,medium,https://fcc.report/IBFS/SES-T/C-20260718-02053,https://fccprod.servicenowservices.com/icfs?id=ibfs_application_summary&number=SES-T/C-20260718-02053
2026-08-10,SES-T/C-20260718-02052,2026-07-18,Earth station,Transfer of control,Iridium Satellite LLC,Pending Review,Iridium,medium,https://fcc.report/IBFS/SES-T/C-20260718-02052,https://fccprod.servicenowservices.com/icfs?id=ibfs_application_summary&number=SES-T/C-20260718-02052
2026-08-10,SES-STA-20260810-02198,2026-08-10,Earth station,Special temporary authority,"SpaceX Services, Inc.",Pending Review,Starlink,medium,https://fcc.report/IBFS/SES-STA-20260810-02198,https://fccprod.servicenowservices.com/icfs?id=ibfs_application_summary&number=SES-STA-20260810-02198
2026-08-10,SES-LIC-20260810-02197,2026-08-10,Earth station,New license,"SpaceX Services, Inc.",Pending Review,Starlink,high,https://fcc.report/IBFS/SES-LIC-20260810-02197,https://fccprod.servicenowservices.com/icfs?id=ibfs_application_summary&number=SES-LIC-20260810-02197
2026-08-10,SCL-AMD-20260810-00115,2026-08-10,Submarine cable,Amendment,BOC-LA1 LLC,Pending Review,,,https://fcc.report/IBFS/SCL-AMD-20260810-00115,https://fccprod.servicenowservices.com/icfs?id=ibfs_application_summary&number=SCL-AMD-20260810-00115
2026-08-10,SAT-T/C-20260720-00302,2026-07-20,Space station,Transfer of control,Iridium Constellation LLC,Pending Review,Iridium,,https://fcc.report/IBFS/SAT-T/C-20260720-00302,https://fccprod.servicenowservices.com/icfs?id=ibfs_application_summary&number=SAT-T/C-20260720-00302
2026-08-10,ITC-T/C-20260720-00206,2026-07-20,Intl. telecom,Transfer of control,Iridium Communications Inc.,Pending Review,,,https://fcc.report/IBFS/ITC-T/C-20260720-00206,https://fccprod.servicenowservices.com/icfs?id=ibfs_application_summary&number=ITC-T/C-20260720-00206
2026-08-09,ITC-214-20260809-00237,2026-08-09,Intl. telecom,Sec. 214,Global Power Telecom Group LLC,Pending Review,,,https://fcc.report/IBFS/ITC-214-20260809-00237,https://fccprod.servicenowservices.com/icfs?id=ibfs_application_summary&number=ITC-214-20260809-00237
2026-08-08,ITC-AMD-20260808-00235,2026-08-08,Intl. telecom,Amendment,3 Billionaires Corporation,Pending Review,,,https://fcc.report/IBFS/ITC-AMD-20260808-00235,https://fccprod.servicenowservices.com/icfs?id=ibfs_application_summary&number=ITC-AMD-20260808-00235
2026-08-07,SES-STA-20260807-02194,2026-08-07,Earth station,Special temporary authority,"Viasat, Inc.",Pending Review,Viasat/Inmarsat,medium,https://fcc.report/IBFS/SES-STA-20260807-02194,https://fccprod.servicenowservices.com/icfs?id=ibfs_application_summary&number=SES-STA-20260807-02194
2026-08-07,SES-STA-20260807-02190,2026-08-07,Earth station,Special temporary authority,"Quecon, Inc.",Pending Review,,,https://fcc.report/IBFS/SES-STA-20260807-02190,https://fccprod.servicenowservices.com/icfs?id=ibfs_application_summary&number=SES-STA-20260807-02190
2026-08-07,SES-STA-20260807-02189,2026-08-07,Earth station,Special temporary authority,"Quecon, Inc.",Pending Review,,,https://fcc.report/IBFS/SES-STA-20260807-02189,https://fccprod.servicenowservices.com/icfs?id=ibfs_application_summary&number=SES-STA-20260807-02189
2026-08-07,SES-STA-20260807-02188,2026-08-07,Earth station,Special temporary authority,"Quecon, Inc.",Pending Review,,,https://fcc.report/IBFS/SES-STA-20260807-02188,https://fccprod.servicenowservices.com/icfs?id=ibfs_application_summary&number=SES-STA-20260807-02188
2026-08-07,SES-MOD-20260730-02135,2026-07-30,Earth station,Modification,Heighliner Corp,Pending Review,,,https://fcc.report/IBFS/SES-MOD-20260730-02135,https://fccprod.servicenowservices.com/icfs?id=ibfs_application_summary&number=SES-MOD-20260730-02135
2026-08-07,SES-LIC-20260529-01495,2026-05-29,Earth station,New license,"Viasat, Inc.",Pending Review,Viasat/Inmarsat,medium,https://fcc.report/IBFS/SES-LIC-20260529-01495,https://fccprod.servicenowservices.com/icfs?id=ibfs_application_summary&number=SES-LIC-20260529-01495
2026-08-07,SCL-FCN-20260806-00113,2026-08-06,Submarine cable,Foreign carrier notice,"ARCOS-1 USA, Inc.",Pending Review,,,https://fcc.report/IBFS/SCL-FCN-20260806-00113,https://fccprod.servicenowservices.com/icfs?id=ibfs_application_summary&number=SCL-FCN-20260806-00113
2026-08-07,SAT-T/C-20260727-00313,2026-07-27,Space station,Transfer of control,Capella Space Corp.,Pending Review,,,https://fcc.report/IBFS/SAT-T/C-20260727-00313,https://fccprod.servicenowservices.com/icfs?id=ibfs_application_summary&number=SAT-T/C-20260727-00313
2026-08-07,SAT-STA-20260807-00330,2026-08-07,Space station,Special temporary authority,Intelsat License LLC,Closed,Intelsat,,https://fcc.report/IBFS/SAT-STA-20260807-00330,https://fccprod.servicenowservices.com/icfs?id=ibfs_application_summary&number=SAT-STA-20260807-00330
2026-08-07,SAT-STA-20260804-00326,2026-08-04,Space station,Special temporary authority,BlackSky Global LLC,Closed,,,https://fcc.report/IBFS/SAT-STA-20260804-00326,https://fccprod.servicenowservices.com/icfs?id=ibfs_application_summary&number=SAT-STA-20260804-00326
2026-08-07,SAT-MOD-20260717-00296,2026-07-17,Space station,Modification,DISH Operating L.L.C.,Pending Review,,,https://fcc.report/IBFS/SAT-MOD-20260717-00296,https://fccprod.servicenowservices.com/icfs?id=ibfs_application_summary&number=SAT-MOD-20260717-00296
2026-08-07,SAT-LOA-20260730-00323,2026-07-30,Space station,Letter of intent (non-US sat),Care Weather Technologies,Pending Review,,,https://fcc.report/IBFS/SAT-LOA-20260730-00323,https://fccprod.servicenowservices.com/icfs?id=ibfs_application_summary&number=SAT-LOA-20260730-00323
2026-08-06,SES-STA-20260806-02187,2026-08-06,Earth station,Special temporary authority,"SpaceX Services, Inc.",Pending Review,Starlink,medium,https://fcc.report/IBFS/SES-STA-20260806-02187,https://fccprod.servicenowservices.com/icfs?id=ibfs_application_summary&number=SES-STA-20260806-02187
2026-08-06,SES-STA-20260806-02186,2026-08-06,Earth station,Special temporary authority,"SpaceX Services, Inc.",Pending Review,Starlink,medium,https://fcc.report/IBFS/SES-STA-20260806-02186,https://fccprod.servicenowservices.com/icfs?id=ibfs_application_summary&number=SES-STA-20260806-02186
2026-08-06,SES-STA-20260806-02185,2026-08-06,Earth station,Special temporary authority,"SpaceX Services, Inc.",Pending Review,Starlink,medium,https://fcc.report/IBFS/SES-STA-20260806-02185,https://fccprod.servicenowservices.com/icfs?id=ibfs_application_summary&number=SES-STA-20260806-02185
2026-08-06,SES-STA-20260806-02184,2026-08-06,Earth station,Special temporary authority,"SpaceX Services, Inc.",Pending Review,Starlink,medium,https://fcc.report/IBFS/SES-STA-20260806-02184,https://fccprod.servicenowservices.com/icfs?id=ibfs_application_summary&number=SES-STA-20260806-02184
2026-08-06,SES-STA-20260806-02183,2026-08-06,Earth station,Special temporary authority,"SpaceX Services, Inc.",Pending Review,Starlink,medium,https://fcc.report/IBFS/SES-STA-20260806-02183,https://fccprod.servicenowservices.com/icfs?id=ibfs_application_summary&number=SES-STA-20260806-02183
2026-08-06,SES-STA-20260806-02182,2026-08-06,Earth station,Special temporary authority,"SpaceX Services, Inc.",Pending Review,Starlink,medium,https://fcc.report/IBFS/SES-STA-20260806-02182,https://fccprod.servicenowservices.com/icfs?id=ibfs_application_summary&number=SES-STA-20260806-02182
2026-08-06,SES-LIC-20260806-02181,2026-08-06,Earth station,New license,"SpaceX Services, Inc.",Pending Review,Starlink,high,https://fcc.report/IBFS/SES-LIC-20260806-02181,https://fccprod.servicenowservices.com/icfs?id=ibfs_application_summary&number=SES-LIC-20260806-02181
2026-08-06,SES-LIC-20260806-02180,2026-08-06,Earth station,New license,"SpaceX Services, Inc.",Pending Review,Starlink,high,https://fcc.report/IBFS/SES-LIC-20260806-02180,https://fccprod.servicenowservices.com/icfs?id=ibfs_application_summary&number=SES-LIC-20260806-02180
2026-08-06,SES-LIC-20260806-02179,2026-08-06,Earth station,New license,"SpaceX Services, Inc.",Pending Review,Starlink,high,https://fcc.report/IBFS/SES-LIC-20260806-02179,https://fccprod.servicenowservices.com/icfs?id=ibfs_application_summary&number=SES-LIC-20260806-02179
2026-08-06,SES-LIC-20260806-02178,2026-08-06,Earth station,New license,"SpaceX Services, Inc.",Pending Review,Starlink,high,https://fcc.report/IBFS/SES-LIC-20260806-02178,https://fccprod.servicenowservices.com/icfs?id=ibfs_application_summary&number=SES-LIC-20260806-02178
2026-08-06,SES-LIC-20260806-02177,2026-08-06,Earth station,New license,"SpaceX Services, Inc.",Pending Review,Starlink,high,https://fcc.report/IBFS/SES-LIC-20260806-02177,https://fccprod.servicenowservices.com/icfs?id=ibfs_application_summary&number=SES-LIC-20260806-02177
2026-08-06,SES-LIC-20260806-02176,2026-08-06,Earth station,New license,"SpaceX Services, Inc.",Pending Review,Starlink,high,https://fcc.report/IBFS/SES-LIC-20260806-02176,https://fccprod.servicenowservices.com/icfs?id=ibfs_application_summary&number=SES-LIC-20260806-02176
2026-08-06,SAT-STA-20260806-00328,2026-08-06,Space station,Special temporary authority,BlackSky Global LLC,Closed,,,https://fcc.report/IBFS/SAT-STA-20260806-00328,https://fccprod.servicenowservices.com/icfs?id=ibfs_application_summary&number=SAT-STA-20260806-00328
2026-08-06,ITC-214-20260728-00221,2026-07-28,Intl. telecom,Sec. 214,Bell Oceanic Inc,Pending Review,,,https://fcc.report/IBFS/ITC-214-20260728-00221,https://fccprod.servicenowservices.com/icfs?id=ibfs_application_summary&number=ITC-214-20260728-00221
2026-08-05,SES-STA-20260805-02175,2026-08-05,Earth station,Special temporary authority,Hubble Network Inc,Pending Review,,,https://fcc.report/IBFS/SES-STA-20260805-02175,https://fccprod.servicenowservices.com/icfs?id=ibfs_application_summary&number=SES-STA-20260805-02175
2026-08-05,SES-STA-20260805-02172,2026-08-05,Earth station,Special temporary authority,"RBC Signals, LLC",Pending Review,Ground-station-as-a-service,medium,https://fcc.report/IBFS/SES-STA-20260805-02172,https://fccprod.servicenowservices.com/icfs?id=ibfs_application_summary&number=SES-STA-20260805-02172
2026-08-05,SES-STA-20260805-02165,2026-08-05,Earth station,Special temporary authority,"ATLAS Space Operations, Inc",Pending Review,Ground-station-as-a-service,medium,https://fcc.report/IBFS/SES-STA-20260805-02165,https://fccprod.servicenowservices.com/icfs?id=ibfs_application_summary&number=SES-STA-20260805-02165
2026-08-05,SES-STA-20260805-02163,2026-08-05,Earth station,Special temporary authority,"Universal Space Network, Inc.",Pending Review,SSC (USN),medium,https://fcc.report/IBFS/SES-STA-20260805-02163,https://fccprod.servicenowservices.com/icfs?id=ibfs_application_summary&number=SES-STA-20260805-02163
2026-08-05,SES-RWL-20260805-02166,2026-08-05,Earth station,Renewal,PSSI Global Services LLC,Pending Review,Teleport,medium,https://fcc.report/IBFS/SES-RWL-20260805-02166,https://fccprod.servicenowservices.com/icfs?id=ibfs_application_summary&number=SES-RWL-20260805-02166
2026-08-05,SES-RWL-20260720-02057,2026-07-20,Earth station,Renewal,"Marlink, Inc.",Pending Review,Teleport,medium,https://fcc.report/IBFS/SES-RWL-20260720-02057,https://fccprod.servicenowservices.com/icfs?id=ibfs_application_summary&number=SES-RWL-20260720-02057
2026-08-05,SES-MOD-20260105-00693,2026-01-05,Earth station,Modification,"RBC Signals, LLC",Pending Review,Ground-station-as-a-service,high,https://fcc.report/IBFS/SES-MOD-20260105-00693,https://fccprod.servicenowservices.com/icfs?id=ibfs_application_summary&number=SES-MOD-20260105-00693
2026-08-05,SCL-AMD-20260805-00112,2026-08-05,Submarine cable,Amendment,"Cirion Technologies Solutions, LLC",Pending Review,,,https://fcc.report/IBFS/SCL-AMD-20260805-00112,https://fccprod.servicenowservices.com/icfs?id=ibfs_application_summary&number=SCL-AMD-20260805-00112
2026-08-05,SCL-AMD-20260805-00111,2026-08-05,Submarine cable,Amendment,"Cirion Technologies Solutions, LLC",Pending Review,,,https://fcc.report/IBFS/SCL-AMD-20260805-00111,https://fccprod.servicenowservices.com/icfs?id=ibfs_application_summary&number=SCL-AMD-20260805-00111
2026-08-05,IHF-RWL-20260805-00058,2026-08-05,Intl. HF broadcast,Renewal,Eternal Word Television Network Inc,Pending Review,,,https://fcc.report/IBFS/IHF-RWL-20260805-00058,https://fccprod.servicenowservices.com/icfs?id=ibfs_application_summary&number=IHF-RWL-20260805-00058
2026-08-04,SES-STA-20260804-02162,2026-08-04,Earth station,Special temporary authority,"SpaceX Services, Inc.",Pending Review,Starlink,medium,https://fcc.report/IBFS/SES-STA-20260804-02162,https://fccprod.servicenowservices.com/icfs?id=ibfs_application_summary&number=SES-STA-20260804-02162
2026-08-04,SES-STA-20260804-02161,2026-08-04,Earth station,Special temporary authority,"SpaceX Services, Inc.",Pending Review,Starlink,medium,https://fcc.report/IBFS/SES-STA-20260804-02161,https://fccprod.servicenowservices.com/icfs?id=ibfs_application_summary&number=SES-STA-20260804-02161
2026-08-04,SES-STA-20260803-02152,2026-08-03,Earth station,Special temporary authority,Iridium Satellite LLC,Closed,Iridium,medium,https://fcc.report/IBFS/SES-STA-20260803-02152,https://fccprod.servicenowservices.com/icfs?id=ibfs_application_summary&number=SES-STA-20260803-02152
2026-08-04,SES-STA-20260803-02151,2026-08-03,Earth station,Special temporary authority,Iridium Satellite LLC,Closed,Iridium,medium,https://fcc.report/IBFS/SES-STA-20260803-02151,https://fccprod.servicenowservices.com/icfs?id=ibfs_application_summary&number=SES-STA-20260803-02151
2026-08-04,SES-STA-20260803-02150,2026-08-03,Earth station,Special temporary authority,Iridium Constellation LLC,Closed,Iridium,medium,https://fcc.report/IBFS/SES-STA-20260803-02150,https://fccprod.servicenowservices.com/icfs?id=ibfs_application_summary&number=SES-STA-20260803-02150
2026-08-04,SES-LIC-20260804-02160,2026-08-04,Earth station,New license,"SpaceX Services, Inc.",Pending Review,Starlink,high,https://fcc.report/IBFS/SES-LIC-20260804-02160,https://fccprod.servicenowservices.com/icfs?id=ibfs_application_summary&number=SES-LIC-20260804-02160
2026-08-04,SES-LIC-20260804-02159,2026-08-04,Earth station,New license,"SpaceX Services, Inc.",Pending Review,Starlink,high,https://fcc.report/IBFS/SES-LIC-20260804-02159,https://fccprod.servicenowservices.com/icfs?id=ibfs_application_summary&number=SES-LIC-20260804-02159
2026-08-04,SCL-RWL-20260803-00108,2026-08-03,Submarine cable,Renewal,"Cirion Technologies Solutions, LLC",Pending Review,,,https://fcc.report/IBFS/SCL-RWL-20260803-00108,https://fccprod.servicenowservices.com/icfs?id=ibfs_application_summary&number=SCL-RWL-20260803-00108
2026-08-04,SCL-RWL-20260708-00102,2026-07-08,Submarine cable,Renewal,"Cirion Technologies Solutions, LLC",Pending Review,,,https://fcc.report/IBFS/SCL-RWL-20260708-00102,https://fccprod.servicenowservices.com/icfs?id=ibfs_application_summary&number=SCL-RWL-20260708-00102
2026-08-04,SCL-RPT-20260804-00109,2026-08-04,Submarine cable,Report,Cable and Wireless (BVI) Limited,Closed,,,https://fcc.report/IBFS/SCL-RPT-20260804-00109,https://fccprod.servicenowservices.com/icfs?id=ibfs_application_summary&number=SCL-RPT-20260804-00109
2026-08-04,SCL-AMD-20260803-00105,2026-08-03,Submarine cable,Amendment,"Cirion Technologies Solutions, LLC",Pending Review,,,https://fcc.report/IBFS/SCL-AMD-20260803-00105,https://fccprod.servicenowservices.com/icfs?id=ibfs_application_summary&number=SCL-AMD-20260803-00105
2026-08-04,SAT-APL-20260804-00325,2026-08-04,Space station,Application,ASTRA (GB) Limited,Pending Review,,,https://fcc.report/IBFS/SAT-APL-20260804-00325,https://fccprod.servicenowservices.com/icfs?id=ibfs_application_summary&number=SAT-APL-20260804-00325
2026-08-04,SAT-AMD-20260804-00325,2026-08-04,Space station,Amendment,ASTRA (GB) Limited,Pending Review,,,https://fcc.report/IBFS/SAT-AMD-20260804-00325,https://fccprod.servicenowservices.com/icfs?id=ibfs_application_summary&number=SAT-AMD-20260804-00325
2026-08-03,SES-STA-20260803-02155,2026-08-03,Earth station,Special temporary authority,"SpaceX Services, Inc.",Pending Review,Starlink,medium,https://fcc.report/IBFS/SES-STA-20260803-02155,https://fccprod.servicenowservices.com/icfs?id=ibfs_application_summary&number=SES-STA-20260803-02155
2026-08-03,SES-STA-20260803-02153,2026-08-03,Earth station,Special temporary authority,"RBC Signals, LLC",Pending Review,Ground-station-as-a-service,medium,https://fcc.report/IBFS/SES-STA-20260803-02153,https://fccprod.servicenowservices.com/icfs?id=ibfs_application_summary&number=SES-STA-20260803-02153
2026-08-03,SES-STA-20260621-01856,2026-06-21,Earth station,Special temporary authority,"Viasat, Inc.",Closed,Viasat/Inmarsat,medium,https://fcc.report/IBFS/SES-STA-20260621-01856,https://fccprod.servicenowservices.com/icfs?id=ibfs_application_summary&number=SES-STA-20260621-01856
2026-08-03,SES-STA-20260621-01855,2026-06-21,Earth station,Special temporary authority,"Viasat, Inc.",Closed,Viasat/Inmarsat,medium,https://fcc.report/IBFS/SES-STA-20260621-01855,https://fccprod.servicenowservices.com/icfs?id=ibfs_application_summary&number=SES-STA-20260621-01855
2026-08-03,SES-LIC-20260803-02154,2026-08-03,Earth station,New license,"SpaceX Services, Inc.",Pending Review,Starlink,high,https://fcc.report/IBFS/SES-LIC-20260803-02154,https://fccprod.servicenowservices.com/icfs?id=ibfs_application_summary&number=SES-LIC-20260803-02154
2026-08-03,SES-ASG-20260722-02094,2026-07-22,Earth station,Assignment,Scripps Broadcasting Holdings LLC,Closed,,,https://fcc.report/IBFS/SES-ASG-20260722-02094,https://fccprod.servicenowservices.com/icfs?id=ibfs_application_summary&number=SES-ASG-20260722-02094
2026-08-03,ITC-T/C-20260729-00225,2026-07-29,Intl. telecom,Transfer of control,"Siren Telephone Company, Inc",Pending Review,,,https://fcc.report/IBFS/ITC-T/C-20260729-00225,https://fccprod.servicenowservices.com/icfs?id=ibfs_application_summary&number=ITC-T/C-20260729-00225
2026-08-03,IHF-RWL-20260803-00057,2026-08-03,Intl. HF broadcast,Renewal,"Leap of Faith, INc.",Pending Review,,,https://fcc.report/IBFS/IHF-RWL-20260803-00057,https://fccprod.servicenowservices.com/icfs?id=ibfs_application_summary&number=IHF-RWL-20260803-00057
2026-08-01,ITC-214-20260801-00231,2026-08-01,Intl. telecom,Sec. 214,"Lightspeed Tech Systems, LLC",Pending Review,,,https://fcc.report/IBFS/ITC-214-20260801-00231,https://fccprod.servicenowservices.com/icfs?id=ibfs_application_summary&number=ITC-214-20260801-00231
2026-07-31,SES-T/C-20260731-02148,2026-07-31,Earth station,Transfer of control,Fisica Inc,Pending Payment,,,https://fcc.report/IBFS/SES-T/C-20260731-02148,https://fccprod.servicenowservices.com/icfs?id=ibfs_application_summary&number=SES-T/C-20260731-02148
2026-07-31,SES-STA-20260731-02149,2026-07-31,Earth station,Special temporary authority,"SpaceX Services, Inc.",Pending Review,Starlink,medium,https://fcc.report/IBFS/SES-STA-20260731-02149,https://fccprod.servicenowservices.com/icfs?id=ibfs_application_summary&number=SES-STA-20260731-02149
2026-07-31,SES-STA-20260731-02147,2026-07-31,Earth station,Special temporary authority,Intelsat License LLC,Closed,Intelsat,medium,https://fcc.report/IBFS/SES-STA-20260731-02147,https://fccprod.servicenowservices.com/icfs?id=ibfs_application_summary&number=SES-STA-20260731-02147
2026-07-31,SES-STA-20260731-02146,2026-07-31,Earth station,Special temporary authority,Intelsat License LLC,Closed,Intelsat,medium,https://fcc.report/IBFS/SES-STA-20260731-02146,https://fccprod.servicenowservices.com/icfs?id=ibfs_application_summary&number=SES-STA-20260731-02146
2026-07-31,SES-STA-20260731-02144,2026-07-31,Earth station,Special temporary authority,Intelsat License LLC,Closed,Intelsat,medium,https://fcc.report/IBFS/SES-STA-20260731-02144,https://fccprod.servicenowservices.com/icfs?id=ibfs_application_summary&number=SES-STA-20260731-02144
2026-07-31,SES-STA-20260730-02139,2026-07-30,Earth station,Special temporary authority,"SpaceX Services, Inc.",Pending Review,Starlink,medium,https://fcc.report/IBFS/SES-STA-20260730-02139,https://fccprod.servicenowservices.com/icfs?id=ibfs_application_summary&number=SES-STA-20260730-02139
2026-07-31,SES-STA-20260730-02138,2026-07-30,Earth station,Special temporary authority,"SpaceX Services, Inc.",Pending Review,Starlink,medium,https://fcc.report/IBFS/SES-STA-20260730-02138,https://fccprod.servicenowservices.com/icfs?id=ibfs_application_summary&number=SES-STA-20260730-02138
2026-07-31,SES-RWL-20260731-02145,2026-07-31,Earth station,Renewal,"Gray Television Licensee, LLC",Pending Review,,,https://fcc.report/IBFS/SES-RWL-20260731-02145,https://fccprod.servicenowservices.com/icfs?id=ibfs_application_summary&number=SES-RWL-20260731-02145
2026-07-31,SES-RWL-20260731-02143,2026-07-31,Earth station,Renewal,"Gray Television Licensee, LLC",Pending Review,,,https://fcc.report/IBFS/SES-RWL-20260731-02143,https://fccprod.servicenowservices.com/icfs?id=ibfs_application_summary&number=SES-RWL-20260731-02143
2026-07-31,SES-RWL-20260722-02074,2026-07-22,Earth station,Renewal,"L3Harris Technologies, Inc.",Pending Review,,,https://fcc.report/IBFS/SES-RWL-20260722-02074,https://fccprod.servicenowservices.com/icfs?id=ibfs_application_summary&number=SES-RWL-20260722-02074
2026-07-31,SES-LIC-20260730-02140,2026-07-30,Earth station,New license,"SpaceX Services, Inc.",Pending Review,Starlink,high,https://fcc.report/IBFS/SES-LIC-20260730-02140,https://fccprod.servicenowservices.com/icfs?id=ibfs_application_summary&number=SES-LIC-20260730-02140
